{
  "stage": "test",
  "labels": [
    "mauvais",
    "moyen",
    "excellent"
  ],
  "aggregations": {
    "record": "mean_logit",
    "subject": "mean_prob"
  },
  "levels": {
    "window": {
      "n_samples": 18479,
      "metrics": {
        "accuracy": 0.4227501488175767,
        "balanced_acc": 0.3333333333333333,
        "macro_f1": 0.19809060134632914
      },
      "confusion_matrix": {
        "raw": [
          [
            0,
            2729,
            0
          ],
          [
            0,
            7812,
            0
          ],
          [
            0,
            7938,
            0
          ]
        ],
        "normalized": [
          [
            0.0,
            1.0,
            0.0
          ],
          [
            0.0,
            1.0,
            0.0
          ],
          [
            0.0,
            1.0,
            0.0
          ]
        ]
      },
      "distribution": {
        "y_true": {
          "mauvais": 2729,
          "moyen": 7812,
          "excellent": 7938
        },
        "y_pred": {
          "mauvais": 0,
          "moyen": 18479,
          "excellent": 0
        }
      },
      "confidence": {
        "mean_max_prob": 0.41953232884407043,
        "brier": 0.6539118461091061,
        "histogram": {
          "bins": [
            0.0,
            0.1,
            0.2,
            0.30000000000000004,
            0.4,
            0.5,
            0.6000000000000001,
            0.7000000000000001,
            0.8,
            0.9,
            1.0
          ],
          "counts": [
            0,
            0,
            0,
            0,
            18479,
            0,
            0,
            0,
            0,
            0
          ],
          "accuracy": [
            null,
            null,
            null,
            null,
            0.4227501488175767,
            null,
            null,
            null,
            null,
            null
          ]
        }
      }
    },
    "record": {
      "n_samples": 308,
      "metrics": {
        "accuracy": 0.474025974025974,
        "balanced_acc": 0.3333333333333311,
        "macro_f1": 0.21439060205565386
      },
      "confusion_matrix": {
        "raw": [
          [
            0,
            38,
            0
          ],
          [
            0,
            146,
            0
          ],
          [
            0,
            124,
            0
          ]
        ],
        "normalized": [
          [
            0.0,
            1.0,
            0.0
          ],
          [
            0.0,
            1.0,
            0.0
          ],
          [
            0.0,
            1.0,
            0.0
          ]
        ]
      },
      "distribution": {
        "y_true": {
          "mauvais": 38,
          "moyen": 146,
          "excellent": 124
        },
        "y_pred": {
          "mauvais": 0,
          "moyen": 308,
          "excellent": 0
        }
      },
      "confidence": {
        "mean_max_prob": 0.4195324182510376,
        "brier": 0.6410608302590138,
        "histogram": {
          "bins": [
            0.0,
            0.1,
            0.2,
            0.30000000000000004,
            0.4,
            0.5,
            0.6000000000000001,
            0.7000000000000001,
            0.8,
            0.9,
            1.0
          ],
          "counts": [
            0,
            0,
            0,
            0,
            308,
            0,
            0,
            0,
            0,
            0
          ],
          "accuracy": [
            null,
            null,
            null,
            null,
            0.474025974025974,
            null,
            null,
            null,
            null,
            null
          ]
        }
      }
    },
    "subject": {
      "n_samples": 22,
      "metrics": {
        "accuracy": 0.45454545454545453,
        "balanced_acc": 0.3333333333333,
        "macro_f1": 0.20833333333317708
      },
      "confusion_matrix": {
        "raw": [
          [
            0,
            2,
            0
          ],
          [
            0,
            10,
            0
          ],
          [
            0,
            10,
            0
          ]
        ],
        "normalized": [
          [
            0.0,
            1.0,
            0.0
          ],
          [
            0.0,
            1.0,
            0.0
          ],
          [
            0.0,
            1.0,
            0.0
          ]
        ]
      },
      "distribution": {
        "y_true": {
          "mauvais": 2,
          "moyen": 10,
          "excellent": 10
        },
        "y_pred": {
          "mauvais": 0,
          "moyen": 22,
          "excellent": 0
        }
      },
      "confidence": {
        "mean_max_prob": 0.4195324182510376,
        "brier": 0.6459565564059471,
        "histogram": {
          "bins": [
            0.0,
            0.1,
            0.2,
            0.30000000000000004,
            0.4,
            0.5,
            0.6000000000000001,
            0.7000000000000001,
            0.8,
            0.9,
            1.0
          ],
          "counts": [
            0,
            0,
            0,
            0,
            22,
            0,
            0,
            0,
            0,
            0
          ],
          "accuracy": [
            null,
            null,
            null,
            null,
            0.45454545454545453,
            null,
            null,
            null,
            null,
            null
          ]
        }
      }
    }
  },
  "baseline_comparison": [
    {
      "model": "csp_lda",
      "record_macro_f1": 0.31770130454340983,
      "record_balanced_acc": 0.3958553791887125,
      "record_level_agg": "mean_prob",
      "run_id": "5bfb60b12c764c77a21b81536e46a5ee"
    },
    {
      "model": "simple_cnn",
      "record_macro_f1": 0.8225358509881344,
      "record_balanced_acc": 0.820695256660169,
      "record_level_agg": "mean_prob",
      "run_id": "3760acabd6134028bb3c4a85039b3a7f"
    },
    {
      "model": "shallowconv",
      "record_macro_f1": 0.5351897449842408,
      "record_balanced_acc": 0.5457904019307528,
      "record_level_agg": "mean_prob",
      "run_id": "e8049845c21448b5b3ec2a3db205682c"
    },
    {
      "model": "eegnet",
      "record_macro_f1": 0.7345202660493148,
      "record_balanced_acc": 0.7358163928339367,
      "record_level_agg": "mean_prob",
      "run_id": "5221df032cb644e08ce5e89cb8095f3a"
    }
  ]
}