{
  "balanced_acc_record": 0.3333333432674408,
  "epoch": 2.0,
  "lr-Adam/pg1": 0.00015,
  "lr-Adam/pg2": 0.00015,
  "multi_alpha": 0.009974578395485878,
  "multi_test_acc": 0.4227501451969147,
  "multi_test_acc_cm": 0.4227501451969147,
  "multi_test_balanced_acc": 0.3333333432674408,
  "multi_test_balanced_acc_record": 0.3333333432674408,
  "multi_test_balanced_acc_subject": 0.3333333432674408,
  "multi_test_bce_loss": 0.0,
  "multi_test_bce_loss_raw": 0.0,
  "multi_test_ce_loss": 1.2633569240570068,
  "multi_test_f1_c0": 0.0,
  "multi_test_f1_c1": 0.5942717790603638,
  "multi_test_f1_c2": 0.0,
  "multi_test_f1_macro": 0.198090597987175,
  "multi_test_f1_macro_record": 0.2143905907869339,
  "multi_test_f1_macro_subject": 0.2083333283662796,
  "multi_test_loss": 1.2633569240570068,
  "multi_test_precision_c0": 0.0,
  "multi_test_precision_c1": 0.4227501451969147,
  "multi_test_precision_c2": 0.0,
  "multi_test_recall_c0": 0.0,
  "multi_test_recall_c1": 1.0,
  "multi_test_recall_c2": 0.0,
  "multi_train_bce_loss": 0.0,
  "multi_train_bce_loss_raw": 0.0,
  "multi_train_ce_loss": 1.258998155593872,
  "multi_train_loss": 1.258998155593872,
  "multi_val_acc": 0.4430158734321594,
  "multi_val_acc_cm": 0.4430158734321594,
  "multi_val_balanced_acc": 0.3333333432674408,
  "multi_val_balanced_acc_record": 0.3333333432674408,
  "multi_val_balanced_acc_subject": 0.3333333432674408,
  "multi_val_bce_loss": 0.0,
  "multi_val_bce_loss_raw": 0.0,
  "multi_val_ce_loss": 1.264410138130188,
  "multi_val_f1_c0": 0.0,
  "multi_val_f1_c1": 0.6140137910842896,
  "multi_val_f1_c2": 0.0,
  "multi_val_f1_macro": 0.20467129349708557,
  "multi_val_f1_macro_record": 0.22779519855976105,
  "multi_val_f1_macro_subject": 0.25,
  "multi_val_loss": 1.264410138130188,
  "multi_val_precision_c0": 0.0,
  "multi_val_precision_c1": 0.4430158734321594,
  "multi_val_precision_c2": 0.0,
  "multi_val_recall_c0": 0.0,
  "multi_val_recall_c1": 1.0,
  "multi_val_recall_c2": 0.0
}