{
  "balanced_acc_record": 0.8929892182350159,
  "epoch": 38.0,
  "lr-Adam/pg1": 0.00021920117444680317,
  "lr-Adam/pg2": 0.00021920117444680317,
  "multi_alpha": 0.009562374092638493,
  "multi_test_acc": 0.8348936438560486,
  "multi_test_acc_cm": 0.8348936438560486,
  "multi_test_balanced_acc": 0.8224024772644043,
  "multi_test_balanced_acc_record": 0.8929892182350159,
  "multi_test_balanced_acc_subject": 0.976190447807312,
  "multi_test_bce_loss": 0.0,
  "multi_test_bce_loss_raw": 0.0,
  "multi_test_ce_loss": 0.5599318146705627,
  "multi_test_f1_c0": 0.9126615524291992,
  "multi_test_f1_c1": 0.6554014682769775,
  "multi_test_f1_c2": 0.8304771184921265,
  "multi_test_f1_macro": 0.7995133996009827,
  "multi_test_f1_macro_record": 0.8525770902633667,
  "multi_test_f1_macro_subject": 0.9209877252578735,
  "multi_test_loss": 0.5599318146705627,
  "multi_test_precision_c0": 0.9780033826828003,
  "multi_test_precision_c1": 0.5522388219833374,
  "multi_test_precision_c2": 0.8567793965339661,
  "multi_test_recall_c0": 0.8555040955543518,
  "multi_test_recall_c1": 0.8059616088867188,
  "multi_test_recall_c2": 0.8057416081428528,
  "multi_train_bce_loss": 0.0,
  "multi_train_bce_loss_raw": 0.0,
  "multi_train_ce_loss": 0.5550504326820374,
  "multi_train_loss": 0.5550504326820374,
  "multi_val_acc": 0.7885713577270508,
  "multi_val_acc_cm": 0.7885713577270508,
  "multi_val_balanced_acc": 0.7546781301498413,
  "multi_val_balanced_acc_record": 0.7998348474502563,
  "multi_val_balanced_acc_subject": 0.8222222328186035,
  "multi_val_bce_loss": 0.0,
  "multi_val_bce_loss_raw": 0.0,
  "multi_val_ce_loss": 0.6992030739784241,
  "multi_val_f1_c0": 0.8674856424331665,
  "multi_val_f1_c1": 0.7168490290641785,
  "multi_val_f1_c2": 0.7085714340209961,
  "multi_val_f1_macro": 0.7643020153045654,
  "multi_val_f1_macro_record": 0.8058532476425171,
  "multi_val_f1_macro_subject": 0.8055555820465088,
  "multi_val_loss": 0.6992030739784241,
  "multi_val_precision_c0": 0.8750826120376587,
  "multi_val_precision_c1": 0.6827844977378845,
  "multi_val_precision_c2": 0.7794285416603088,
  "multi_val_recall_c0": 0.8600195050239563,
  "multi_val_recall_c1": 0.7544910311698914,
  "multi_val_recall_c2": 0.6495237946510315
}