{
  "balanced_acc_record": 0.8419487476348877,
  "epoch": 45.0,
  "lr-Adam/pg1": 0.00018682282307111987,
  "lr-Adam/pg2": 0.00018682282307111987,
  "multi_alpha": 0.009780258871614933,
  "multi_test_acc": 0.7979592084884644,
  "multi_test_acc_cm": 0.7979592084884644,
  "multi_test_balanced_acc": 0.783909261226654,
  "multi_test_balanced_acc_record": 0.8419487476348877,
  "multi_test_balanced_acc_subject": 0.8783069252967834,
  "multi_test_bce_loss": 0.0,
  "multi_test_bce_loss_raw": 0.0,
  "multi_test_ce_loss": 0.687553882598877,
  "multi_test_f1_c0": 0.8781977295875549,
  "multi_test_f1_c1": 0.719444215297699,
  "multi_test_f1_c2": 0.7721704840660095,
  "multi_test_f1_macro": 0.7899374961853027,
  "multi_test_f1_macro_record": 0.8505784273147583,
  "multi_test_f1_macro_subject": 0.874509871006012,
  "multi_test_loss": 0.687553882598877,
  "multi_test_precision_c0": 0.8788537383079529,
  "multi_test_precision_c1": 0.6793287396430969,
  "multi_test_precision_c2": 0.8468565344810486,
  "multi_test_recall_c0": 0.8775427341461182,
  "multi_test_recall_c1": 0.7645947933197021,
  "multi_test_recall_c2": 0.7095902562141418,
  "multi_train_bce_loss": 0.0,
  "multi_train_bce_loss_raw": 0.0,
  "multi_train_ce_loss": 0.5273324847221375,
  "multi_train_loss": 0.5273324847221375,
  "multi_val_acc": 0.8702284693717957,
  "multi_val_acc_cm": 0.8702284693717957,
  "multi_val_balanced_acc": 0.8420838117599487,
  "multi_val_balanced_acc_record": 0.8850732445716858,
  "multi_val_balanced_acc_subject": 0.9696969985961914,
  "multi_val_bce_loss": 0.0,
  "multi_val_bce_loss_raw": 0.0,
  "multi_val_ce_loss": 0.4876721203327179,
  "multi_val_f1_c0": 0.9364708662033081,
  "multi_val_f1_c1": 0.7013630867004395,
  "multi_val_f1_c2": 0.8523615002632141,
  "multi_val_f1_macro": 0.830065131187439,
  "multi_val_f1_macro_record": 0.858081042766571,
  "multi_val_f1_macro_subject": 0.8730158805847168,
  "multi_val_loss": 0.4876721203327179,
  "multi_val_precision_c0": 0.9648985862731934,
  "multi_val_precision_c1": 0.6325032114982605,
  "multi_val_precision_c2": 0.876481831073761,
  "multi_val_recall_c0": 0.9096702933311462,
  "multi_val_recall_c1": 0.7870480418205261,
  "multi_val_recall_c2": 0.8295331001281738
}