{
  "stage": "test",
  "labels": [
    "mauvais",
    "moyen",
    "excellent"
  ],
  "aggregations": {
    "record": "mean_logit",
    "subject": "mean_prob"
  },
  "levels": {
    "window": {
      "n_samples": 18455,
      "metrics": {
        "accuracy": 0.714332159306421,
        "balanced_acc": 0.7110880205087371,
        "macro_f1": 0.7119088460800752
      },
      "confusion_matrix": {
        "raw": [
          [
            5507,
            1057,
            129
          ],
          [
            1029,
            4080,
            1372
          ],
          [
            215,
            1470,
            3596
          ]
        ],
        "normalized": [
          [
            0.8227999402360675,
            0.15792619154340357,
            0.01927386822052891
          ],
          [
            0.15877179447616108,
            0.6295324795556241,
            0.2116957259682148
          ],
          [
            0.04071198636621852,
            0.2783563718992615,
            0.68093164173452
          ]
        ]
      },
      "distribution": {
        "y_true": {
          "mauvais": 6693,
          "moyen": 6481,
          "excellent": 5281
        },
        "y_pred": {
          "mauvais": 6751,
          "moyen": 6607,
          "excellent": 5097
        }
      },
      "confidence": {
        "mean_max_prob": 0.7225624322891235,
        "brier": 0.3794013972917887,
        "histogram": {
          "bins": [
            0.0,
            0.1,
            0.2,
            0.30000000000000004,
            0.4,
            0.5,
            0.6000000000000001,
            0.7000000000000001,
            0.8,
            0.9,
            1.0
          ],
          "counts": [
            0,
            0,
            0,
            94,
            980,
            3288,
            3704,
            5451,
            1673,
            3265
          ],
          "accuracy": [
            null,
            null,
            null,
            0.3829787234042553,
            0.4173469387755102,
            0.5270681265206812,
            0.597732181425486,
            0.7334434048798386,
            0.9222952779438135,
            0.9954058192955589
          ]
        }
      }
    },
    "record": {
      "n_samples": 308,
      "metrics": {
        "accuracy": 0.7857142857142857,
        "balanced_acc": 0.7860432952969282,
        "macro_f1": 0.7841975297718813
      },
      "confusion_matrix": {
        "raw": [
          [
            91,
            11,
            1
          ],
          [
            16,
            94,
            18
          ],
          [
            2,
            18,
            57
          ]
        ],
        "normalized": [
          [
            0.883495145631068,
            0.10679611650485436,
            0.009708737864077669
          ],
          [
            0.125,
            0.734375,
            0.140625
          ],
          [
            0.025974025974025976,
            0.23376623376623376,
            0.7402597402597403
          ]
        ]
      },
      "distribution": {
        "y_true": {
          "mauvais": 103,
          "moyen": 128,
          "excellent": 77
        },
        "y_pred": {
          "mauvais": 109,
          "moyen": 123,
          "excellent": 76
        }
      },
      "confidence": {
        "mean_max_prob": 0.6732155680656433,
        "brier": 0.31645608545467774,
        "histogram": {
          "bins": [
            0.0,
            0.1,
            0.2,
            0.30000000000000004,
            0.4,
            0.5,
            0.6000000000000001,
            0.7000000000000001,
            0.8,
            0.9,
            1.0
          ],
          "counts": [
            0,
            0,
            0,
            3,
            40,
            82,
            63,
            53,
            20,
            47
          ],
          "accuracy": [
            null,
            null,
            null,
            0.0,
            0.675,
            0.5853658536585366,
            0.7777777777777778,
            0.9433962264150944,
            1.0,
            1.0
          ]
        }
      }
    },
    "subject": {
      "n_samples": 22,
      "metrics": {
        "accuracy": 0.8636363636363636,
        "balanced_acc": 0.8857142857141515,
        "macro_f1": 0.8694463431299301
      },
      "confusion_matrix": {
        "raw": [
          [
            6,
            1,
            0
          ],
          [
            1,
            8,
            1
          ],
          [
            0,
            0,
            5
          ]
        ],
        "normalized": [
          [
            0.8571428571428571,
            0.14285714285714285,
            0.0
          ],
          [
            0.1,
            0.8,
            0.1
          ],
          [
            0.0,
            0.0,
            1.0
          ]
        ]
      },
      "distribution": {
        "y_true": {
          "mauvais": 7,
          "moyen": 10,
          "excellent": 5
        },
        "y_pred": {
          "mauvais": 7,
          "moyen": 9,
          "excellent": 6
        }
      },
      "confidence": {
        "mean_max_prob": 0.6498498320579529,
        "brier": 0.2763008122448959,
        "histogram": {
          "bins": [
            0.0,
            0.1,
            0.2,
            0.30000000000000004,
            0.4,
            0.5,
            0.6000000000000001,
            0.7000000000000001,
            0.8,
            0.9,
            1.0
          ],
          "counts": [
            0,
            0,
            0,
            0,
            5,
            6,
            4,
            2,
            2,
            3
          ],
          "accuracy": [
            null,
            null,
            null,
            null,
            0.8,
            0.6666666666666666,
            1.0,
            1.0,
            1.0,
            1.0
          ]
        }
      }
    }
  },
  "baseline_comparison": [
    {
      "model": "csp_lda",
      "record_macro_f1": 0.4533365376912601,
      "record_balanced_acc": 0.5601212711818526,
      "record_level_agg": "mean_prob",
      "run_id": "f0583879cc6c4e50aba0e1213f3adf4e"
    },
    {
      "model": "simple_cnn",
      "record_macro_f1": 0.738467532373584,
      "record_balanced_acc": 0.7299789638591002,
      "record_level_agg": "mean_prob",
      "run_id": "6a8947fea9194b6a968ea546f5d98923"
    },
    {
      "model": "shallowconv",
      "record_macro_f1": 0.5467091993335088,
      "record_balanced_acc": 0.5604353744681827,
      "record_level_agg": "mean_prob",
      "run_id": "4626adced88745f5a19316a153760cca"
    },
    {
      "model": "eegnet",
      "record_macro_f1": 0.7106677597596388,
      "record_balanced_acc": 0.7065421764138673,
      "record_level_agg": "mean_prob",
      "run_id": "966066102d2c483887c7eea5c42eeb78"
    }
  ]
}