{
  "stage": "val",
  "labels": [
    "mauvais",
    "moyen",
    "excellent"
  ],
  "aggregations": {
    "record": "mean_logit",
    "subject": "mean_prob"
  },
  "levels": {
    "window": {
      "n_samples": 13439,
      "metrics": {
        "accuracy": 0.8702284396160429,
        "balanced_acc": 0.8420838306713817,
        "macro_f1": 0.830065143630956
      },
      "confusion_matrix": {
        "raw": [
          [
            7422,
            684,
            53
          ],
          [
            266,
            1981,
            270
          ],
          [
            4,
            467,
            2292
          ]
        ],
        "normalized": [
          [
            0.9096703027331781,
            0.08383380316215222,
            0.00649589410466969
          ],
          [
            0.10568136670639651,
            0.7870480731029003,
            0.10727056019070322
          ],
          [
            0.0014477017734346724,
            0.169019182048498,
            0.8295331161780674
          ]
        ]
      },
      "distribution": {
        "y_true": {
          "mauvais": 8159,
          "moyen": 2517,
          "excellent": 2763
        },
        "y_pred": {
          "mauvais": 7692,
          "moyen": 3132,
          "excellent": 2615
        }
      },
      "confidence": {
        "mean_max_prob": 0.8719100952148438,
        "brier": 0.18353931938503648,
        "histogram": {
          "bins": [
            0.0,
            0.1,
            0.2,
            0.30000000000000004,
            0.4,
            0.5,
            0.6000000000000001,
            0.7000000000000001,
            0.8,
            0.9,
            1.0
          ],
          "counts": [
            0,
            0,
            0,
            0,
            66,
            875,
            948,
            1161,
            2037,
            8352
          ],
          "accuracy": [
            null,
            null,
            null,
            null,
            0.5151515151515151,
            0.52,
            0.6128691983122363,
            0.7149009474590869,
            0.8051055473735886,
            0.9764128352490421
          ]
        }
      }
    },
    "record": {
      "n_samples": 224,
      "metrics": {
        "accuracy": 0.9017857142857143,
        "balanced_acc": 0.8850732600732428,
        "macro_f1": 0.8580810388188554
      },
      "confusion_matrix": {
        "raw": [
          [
            132,
            11,
            0
          ],
          [
            2,
            28,
            2
          ],
          [
            0,
            7,
            42
          ]
        ],
        "normalized": [
          [
            0.9230769230769231,
            0.07692307692307693,
            0.0
          ],
          [
            0.0625,
            0.875,
            0.0625
          ],
          [
            0.0,
            0.14285714285714285,
            0.8571428571428571
          ]
        ]
      },
      "distribution": {
        "y_true": {
          "mauvais": 143,
          "moyen": 32,
          "excellent": 49
        },
        "y_pred": {
          "mauvais": 134,
          "moyen": 46,
          "excellent": 44
        }
      },
      "confidence": {
        "mean_max_prob": 0.7772208452224731,
        "brier": 0.16809844218301065,
        "histogram": {
          "bins": [
            0.0,
            0.1,
            0.2,
            0.30000000000000004,
            0.4,
            0.5,
            0.6000000000000001,
            0.7000000000000001,
            0.8,
            0.9,
            1.0
          ],
          "counts": [
            0,
            0,
            0,
            1,
            12,
            36,
            36,
            30,
            19,
            90
          ],
          "accuracy": [
            null,
            null,
            null,
            0.0,
            0.5,
            0.7777777777777778,
            0.8611111111111112,
            1.0,
            1.0,
            1.0
          ]
        }
      }
    },
    "subject": {
      "n_samples": 16,
      "metrics": {
        "accuracy": 0.9375,
        "balanced_acc": 0.9696969696965255,
        "macro_f1": 0.8730158730151301
      },
      "confusion_matrix": {
        "raw": [
          [
            10,
            1,
            0
          ],
          [
            0,
            1,
            0
          ],
          [
            0,
            0,
            4
          ]
        ],
        "normalized": [
          [
            0.9090909090909091,
            0.09090909090909091,
            0.0
          ],
          [
            0.0,
            1.0,
            0.0
          ],
          [
            0.0,
            0.0,
            1.0
          ]
        ]
      },
      "distribution": {
        "y_true": {
          "mauvais": 11,
          "moyen": 1,
          "excellent": 4
        },
        "y_pred": {
          "mauvais": 10,
          "moyen": 2,
          "excellent": 4
        }
      },
      "confidence": {
        "mean_max_prob": 0.7432500720024109,
        "brier": 0.2060573041850075,
        "histogram": {
          "bins": [
            0.0,
            0.1,
            0.2,
            0.30000000000000004,
            0.4,
            0.5,
            0.6000000000000001,
            0.7000000000000001,
            0.8,
            0.9,
            1.0
          ],
          "counts": [
            0,
            0,
            0,
            0,
            2,
            3,
            2,
            1,
            3,
            5
          ],
          "accuracy": [
            null,
            null,
            null,
            null,
            1.0,
            0.6666666666666666,
            1.0,
            1.0,
            1.0,
            1.0
          ]
        }
      }
    }
  }
}