{
  "stage": "test",
  "labels": [
    "mauvais",
    "moyen",
    "excellent"
  ],
  "aggregations": {
    "record": "mean_logit",
    "subject": "mean_prob"
  },
  "levels": {
    "window": {
      "n_samples": 17640,
      "metrics": {
        "accuracy": 0.7979591836734694,
        "balanced_acc": 0.7839092575091565,
        "macro_f1": 0.7899374860996274
      },
      "confusion_matrix": {
        "raw": [
          [
            6471,
            849,
            54
          ],
          [
            855,
            4453,
            516
          ],
          [
            37,
            1253,
            3152
          ]
        ],
        "normalized": [
          [
            0.8775427176566314,
            0.11513425549227013,
            0.007323026851098454
          ],
          [
            0.1468063186813187,
            0.7645947802197802,
            0.0885989010989011
          ],
          [
            0.008329581269698334,
            0.2820801440792436,
            0.7095902746510581
          ]
        ]
      },
      "distribution": {
        "y_true": {
          "mauvais": 7374,
          "moyen": 5824,
          "excellent": 4442
        },
        "y_pred": {
          "mauvais": 7363,
          "moyen": 6555,
          "excellent": 3722
        }
      },
      "confidence": {
        "mean_max_prob": 0.8369903564453125,
        "brier": 0.29382473910615015,
        "histogram": {
          "bins": [
            0.0,
            0.1,
            0.2,
            0.30000000000000004,
            0.4,
            0.5,
            0.6000000000000001,
            0.7000000000000001,
            0.8,
            0.9,
            1.0
          ],
          "counts": [
            0,
            0,
            0,
            20,
            240,
            1449,
            1664,
            2110,
            3714,
            8443
          ],
          "accuracy": [
            null,
            null,
            null,
            0.3,
            0.49166666666666664,
            0.5445134575569358,
            0.6129807692307693,
            0.6909952606635071,
            0.7582121701669359,
            0.9320146867227289
          ]
        }
      }
    },
    "record": {
      "n_samples": 294,
      "metrics": {
        "accuracy": 0.8537414965986394,
        "balanced_acc": 0.841948717948709,
        "macro_f1": 0.8505784226526408
      },
      "confusion_matrix": {
        "raw": [
          [
            109,
            16,
            0
          ],
          [
            8,
            92,
            4
          ],
          [
            0,
            15,
            50
          ]
        ],
        "normalized": [
          [
            0.872,
            0.128,
            0.0
          ],
          [
            0.07692307692307693,
            0.8846153846153846,
            0.038461538461538464
          ],
          [
            0.0,
            0.23076923076923078,
            0.7692307692307693
          ]
        ]
      },
      "distribution": {
        "y_true": {
          "mauvais": 125,
          "moyen": 104,
          "excellent": 65
        },
        "y_pred": {
          "mauvais": 117,
          "moyen": 123,
          "excellent": 54
        }
      },
      "confidence": {
        "mean_max_prob": 0.715121328830719,
        "brier": 0.24068129055562076,
        "histogram": {
          "bins": [
            0.0,
            0.1,
            0.2,
            0.30000000000000004,
            0.4,
            0.5,
            0.6000000000000001,
            0.7000000000000001,
            0.8,
            0.9,
            1.0
          ],
          "counts": [
            0,
            0,
            0,
            2,
            28,
            58,
            62,
            46,
            38,
            60
          ],
          "accuracy": [
            null,
            null,
            null,
            0.5,
            0.5714285714285714,
            0.6724137931034483,
            0.8870967741935484,
            0.9565217391304348,
            0.9736842105263158,
            1.0
          ]
        }
      }
    },
    "subject": {
      "n_samples": 21,
      "metrics": {
        "accuracy": 0.8571428571428571,
        "balanced_acc": 0.8783068783067419,
        "macro_f1": 0.8745098039209354
      },
      "confusion_matrix": {
        "raw": [
          [
            7,
            2,
            0
          ],
          [
            1,
            6,
            0
          ],
          [
            0,
            0,
            5
          ]
        ],
        "normalized": [
          [
            0.7777777777777778,
            0.2222222222222222,
            0.0
          ],
          [
            0.14285714285714285,
            0.8571428571428571,
            0.0
          ],
          [
            0.0,
            0.0,
            1.0
          ]
        ]
      },
      "distribution": {
        "y_true": {
          "mauvais": 9,
          "moyen": 7,
          "excellent": 5
        },
        "y_pred": {
          "mauvais": 8,
          "moyen": 8,
          "excellent": 5
        }
      },
      "confidence": {
        "mean_max_prob": 0.6636689305305481,
        "brier": 0.2635353305190529,
        "histogram": {
          "bins": [
            0.0,
            0.1,
            0.2,
            0.30000000000000004,
            0.4,
            0.5,
            0.6000000000000001,
            0.7000000000000001,
            0.8,
            0.9,
            1.0
          ],
          "counts": [
            0,
            0,
            0,
            0,
            5,
            4,
            6,
            1,
            1,
            4
          ],
          "accuracy": [
            null,
            null,
            null,
            null,
            0.6,
            0.75,
            1.0,
            1.0,
            1.0,
            1.0
          ]
        }
      }
    }
  },
  "baseline_comparison": [
    {
      "model": "csp_lda",
      "record_macro_f1": 0.28719968771070653,
      "record_balanced_acc": 0.35714285714285715,
      "record_level_agg": "mean_prob",
      "run_id": "6f1914a011454774be1696ca7a90b7e9"
    },
    {
      "model": "simple_cnn",
      "record_macro_f1": 0.6915443745632425,
      "record_balanced_acc": 0.683020683020683,
      "record_level_agg": "mean_prob",
      "run_id": "0ee8b1157d384de6acda40c80622ad12"
    },
    {
      "model": "shallowconv",
      "record_macro_f1": 0.4404845096668996,
      "record_balanced_acc": 0.4654641654641655,
      "record_level_agg": "mean_prob",
      "run_id": "e1479e60234643a9b78582dd6b8edbd8"
    },
    {
      "model": "eegnet",
      "record_macro_f1": 0.6308994780601526,
      "record_balanced_acc": 0.6244829244829245,
      "record_level_agg": "mean_prob",
      "run_id": "ffda0cf072644e61a6767f9b2d1a2249"
    }
  ]
}