{
  "balanced_acc_record": 0.7860432863235474,
  "epoch": 2.0,
  "lr-Adam/pg1": 0.00015,
  "lr-Adam/pg2": 0.00015,
  "multi_alpha": 0.009974578395485878,
  "multi_test_acc": 0.7143321633338928,
  "multi_test_acc_cm": 0.7143321633338928,
  "multi_test_balanced_acc": 0.7110880017280579,
  "multi_test_balanced_acc_record": 0.7860432863235474,
  "multi_test_balanced_acc_subject": 0.8857142329216003,
  "multi_test_bce_loss": 0.0,
  "multi_test_bce_loss_raw": 0.0,
  "multi_test_ce_loss": 0.8322306275367737,
  "multi_test_f1_c0": 0.819250226020813,
  "multi_test_f1_c1": 0.6234718561172485,
  "multi_test_f1_c2": 0.6930044293403625,
  "multi_test_f1_macro": 0.7119088172912598,
  "multi_test_f1_macro_record": 0.7841975092887878,
  "multi_test_f1_macro_subject": 0.8694462776184082,
  "multi_test_loss": 0.8322306275367737,
  "multi_test_precision_c0": 0.8157309889793396,
  "multi_test_precision_c1": 0.6175268888473511,
  "multi_test_precision_c2": 0.705513060092926,
  "multi_test_recall_c0": 0.8227999210357666,
  "multi_test_recall_c1": 0.6295324563980103,
  "multi_test_recall_c2": 0.6809316277503967,
  "multi_train_bce_loss": 0.0,
  "multi_train_bce_loss_raw": 0.0,
  "multi_train_ce_loss": 0.7914862632751465,
  "multi_train_loss": 0.7914862632751465,
  "multi_val_acc": 0.6738888621330261,
  "multi_val_acc_cm": 0.6738888621330261,
  "multi_val_balanced_acc": 0.6508073806762695,
  "multi_val_balanced_acc_record": 0.7047000527381897,
  "multi_val_balanced_acc_subject": 0.8888888955116272,
  "multi_val_bce_loss": 0.0,
  "multi_val_bce_loss_raw": 0.0,
  "multi_val_ce_loss": 0.872045636177063,
  "multi_val_f1_c0": 0.7882612943649292,
  "multi_val_f1_c1": 0.6471946835517883,
  "multi_val_f1_c2": 0.5100533366203308,
  "multi_val_f1_macro": 0.6485031247138977,
  "multi_val_f1_macro_record": 0.688852846622467,
  "multi_val_f1_macro_subject": 0.8026143908500671,
  "multi_val_loss": 0.872045636177063,
  "multi_val_precision_c0": 0.8685674667358398,
  "multi_val_precision_c1": 0.6178962588310242,
  "multi_val_precision_c2": 0.4744274914264679,
  "multi_val_recall_c0": 0.7215482592582703,
  "multi_val_recall_c1": 0.6794099807739258,
  "multi_val_recall_c2": 0.5514640808105469
}