{
  "stage": "val",
  "labels": [
    "mauvais",
    "moyen",
    "excellent"
  ],
  "aggregations": {
    "record": "mean_logit",
    "subject": "mean_prob"
  },
  "levels": {
    "window": {
      "n_samples": 12600,
      "metrics": {
        "accuracy": 0.6738888888888889,
        "balanced_acc": 0.6508074514319317,
        "macro_f1": 0.6485031251374663
      },
      "confusion_matrix": {
        "raw": [
          [
            3747,
            1166,
            280
          ],
          [
            555,
            3501,
            1097
          ],
          [
            12,
            999,
            1243
          ]
        ],
        "normalized": [
          [
            0.7215482380127094,
            0.22453302522626611,
            0.053918736761024454
          ],
          [
            0.10770424995148457,
            0.6794100523966622,
            0.21288569765185328
          ],
          [
            0.005323868677905945,
            0.44321206743566993,
            0.5514640638864241
          ]
        ]
      },
      "distribution": {
        "y_true": {
          "mauvais": 5193,
          "moyen": 5153,
          "excellent": 2254
        },
        "y_pred": {
          "mauvais": 4314,
          "moyen": 5666,
          "excellent": 2620
        }
      },
      "confidence": {
        "mean_max_prob": 0.7286230325698853,
        "brier": 0.4147847347322754,
        "histogram": {
          "bins": [
            0.0,
            0.1,
            0.2,
            0.30000000000000004,
            0.4,
            0.5,
            0.6000000000000001,
            0.7000000000000001,
            0.8,
            0.9,
            1.0
          ],
          "counts": [
            0,
            0,
            0,
            46,
            541,
            2347,
            2518,
            3778,
            851,
            2519
          ],
          "accuracy": [
            null,
            null,
            null,
            0.34782608695652173,
            0.3752310536044362,
            0.4972305070302514,
            0.5468625893566322,
            0.6572260455267337,
            0.8648648648648649,
            0.9960301707026598
          ]
        }
      }
    },
    "record": {
      "n_samples": 210,
      "metrics": {
        "accuracy": 0.7333333333333333,
        "balanced_acc": 0.7047000618429049,
        "macro_f1": 0.68885285108145
      },
      "confusion_matrix": {
        "raw": [
          [
            61,
            25,
            2
          ],
          [
            4,
            78,
            16
          ],
          [
            0,
            9,
            15
          ]
        ],
        "normalized": [
          [
            0.6931818181818182,
            0.2840909090909091,
            0.022727272727272728
          ],
          [
            0.04081632653061224,
            0.7959183673469388,
            0.16326530612244897
          ],
          [
            0.0,
            0.375,
            0.625
          ]
        ]
      },
      "distribution": {
        "y_true": {
          "mauvais": 88,
          "moyen": 98,
          "excellent": 24
        },
        "y_pred": {
          "mauvais": 65,
          "moyen": 112,
          "excellent": 33
        }
      },
      "confidence": {
        "mean_max_prob": 0.6834030151367188,
        "brier": 0.35191886842502174,
        "histogram": {
          "bins": [
            0.0,
            0.1,
            0.2,
            0.30000000000000004,
            0.4,
            0.5,
            0.6000000000000001,
            0.7000000000000001,
            0.8,
            0.9,
            1.0
          ],
          "counts": [
            0,
            0,
            0,
            5,
            23,
            49,
            46,
            41,
            7,
            39
          ],
          "accuracy": [
            null,
            null,
            null,
            0.2,
            0.30434782608695654,
            0.5714285714285714,
            0.782608695652174,
            0.8292682926829268,
            1.0,
            1.0
          ]
        }
      }
    },
    "subject": {
      "n_samples": 15,
      "metrics": {
        "accuracy": 0.8666666666666667,
        "balanced_acc": 0.8888888888884768,
        "macro_f1": 0.8026143790842547
      },
      "confusion_matrix": {
        "raw": [
          [
            4,
            1,
            1
          ],
          [
            0,
            8,
            0
          ],
          [
            0,
            0,
            1
          ]
        ],
        "normalized": [
          [
            0.6666666666666666,
            0.16666666666666666,
            0.16666666666666666
          ],
          [
            0.0,
            1.0,
            0.0
          ],
          [
            0.0,
            0.0,
            1.0
          ]
        ]
      },
      "distribution": {
        "y_true": {
          "mauvais": 6,
          "moyen": 8,
          "excellent": 1
        },
        "y_pred": {
          "mauvais": 4,
          "moyen": 9,
          "excellent": 2
        }
      },
      "confidence": {
        "mean_max_prob": 0.6611279845237732,
        "brier": 0.2746107382327827,
        "histogram": {
          "bins": [
            0.0,
            0.1,
            0.2,
            0.30000000000000004,
            0.4,
            0.5,
            0.6000000000000001,
            0.7000000000000001,
            0.8,
            0.9,
            1.0
          ],
          "counts": [
            0,
            0,
            0,
            0,
            3,
            2,
            3,
            4,
            1,
            2
          ],
          "accuracy": [
            null,
            null,
            null,
            null,
            0.3333333333333333,
            1.0,
            1.0,
            1.0,
            1.0,
            1.0
          ]
        }
      }
    }
  }
}