{
  "balanced_acc_record": 0.870463490486145,
  "epoch": 55.0,
  "lr-Adam/pg1": 0.00013761309817915014,
  "lr-Adam/pg2": 0.00013761309817915014,
  "multi_alpha": 0.009918599389493465,
  "multi_test_acc": 0.8248171210289001,
  "multi_test_acc_cm": 0.8248171210289001,
  "multi_test_balanced_acc": 0.8226138353347778,
  "multi_test_balanced_acc_record": 0.870463490486145,
  "multi_test_balanced_acc_subject": 0.8999999165534973,
  "multi_test_bce_loss": 0.0,
  "multi_test_bce_loss_raw": 0.0,
  "multi_test_ce_loss": 0.6389251947402954,
  "multi_test_f1_c0": 0.8940342664718628,
  "multi_test_f1_c1": 0.7601559162139893,
  "multi_test_f1_c2": 0.8194781541824341,
  "multi_test_f1_macro": 0.8245561122894287,
  "multi_test_f1_macro_record": 0.8666383624076843,
  "multi_test_f1_macro_subject": 0.8999999165534973,
  "multi_test_loss": 0.6389251947402954,
  "multi_test_precision_c0": 0.9026804566383362,
  "multi_test_precision_c1": 0.7391051054000854,
  "multi_test_precision_c2": 0.8400954008102417,
  "multi_test_recall_c0": 0.8855520486831665,
  "multi_test_recall_c1": 0.7824409604072571,
  "multi_test_recall_c2": 0.7998484969139099,
  "multi_train_bce_loss": 0.0,
  "multi_train_bce_loss_raw": 0.0,
  "multi_train_ce_loss": 0.4811462163925171,
  "multi_train_loss": 0.4811462163925171,
  "multi_val_acc": 0.8053174614906311,
  "multi_val_acc_cm": 0.8053174614906311,
  "multi_val_balanced_acc": 0.7919106483459473,
  "multi_val_balanced_acc_record": 0.8712894320487976,
  "multi_val_balanced_acc_subject": 0.8472221493721008,
  "multi_val_bce_loss": 0.0,
  "multi_val_bce_loss_raw": 0.0,
  "multi_val_ce_loss": 0.6774158477783203,
  "multi_val_f1_c0": 0.8793033361434937,
  "multi_val_f1_c1": 0.776208758354187,
  "multi_val_f1_c2": 0.7147484421730042,
  "multi_val_f1_macro": 0.7900868654251099,
  "multi_val_f1_macro_record": 0.8480705618858337,
  "multi_val_f1_macro_subject": 0.7633987665176392,
  "multi_val_loss": 0.6774158477783203,
  "multi_val_precision_c0": 0.9271834492683411,
  "multi_val_precision_c1": 0.749097466468811,
  "multi_val_precision_c2": 0.6962558031082153,
  "multi_val_recall_c0": 0.8361255526542664,
  "multi_val_recall_c1": 0.8053560256958008,
  "multi_val_recall_c2": 0.7342502474784851
}