{
  "stage": "val",
  "labels": [
    "mauvais",
    "moyen",
    "excellent"
  ],
  "aggregations": {
    "record": "mean_logit",
    "subject": "mean_prob"
  },
  "levels": {
    "window": {
      "n_samples": 12600,
      "metrics": {
        "accuracy": 0.8053174603174603,
        "balanced_acc": 0.7919106262328593,
        "macro_f1": 0.7900868436110121
      },
      "confusion_matrix": {
        "raw": [
          [
            4342,
            792,
            59
          ],
          [
            340,
            4150,
            663
          ],
          [
            1,
            598,
            1655
          ]
        ],
        "normalized": [
          [
            0.8361255536298864,
            0.15251299826689774,
            0.011361448103215868
          ],
          [
            0.06598098195226082,
            0.8053561032408306,
            0.12866291480690858
          ],
          [
            0.00044365572315882877,
            0.2653061224489796,
            0.7342502218278616
          ]
        ]
      },
      "distribution": {
        "y_true": {
          "mauvais": 5193,
          "moyen": 5153,
          "excellent": 2254
        },
        "y_pred": {
          "mauvais": 4683,
          "moyen": 5540,
          "excellent": 2377
        }
      },
      "confidence": {
        "mean_max_prob": 0.860645592212677,
        "brier": 0.28480188048863064,
        "histogram": {
          "bins": [
            0.0,
            0.1,
            0.2,
            0.30000000000000004,
            0.4,
            0.5,
            0.6000000000000001,
            0.7000000000000001,
            0.8,
            0.9,
            1.0
          ],
          "counts": [
            0,
            0,
            0,
            0,
            71,
            831,
            973,
            1299,
            2253,
            7173
          ],
          "accuracy": [
            null,
            null,
            null,
            null,
            0.5492957746478874,
            0.53309265944645,
            0.5817060637204522,
            0.6435719784449576,
            0.7230359520639148,
            0.9248571030252335
          ]
        }
      }
    },
    "record": {
      "n_samples": 210,
      "metrics": {
        "accuracy": 0.8714285714285714,
        "balanced_acc": 0.871289424860835,
        "macro_f1": 0.8480705614800116
      },
      "confusion_matrix": {
        "raw": [
          [
            74,
            14,
            0
          ],
          [
            0,
            88,
            10
          ],
          [
            0,
            3,
            21
          ]
        ],
        "normalized": [
          [
            0.8409090909090909,
            0.1590909090909091,
            0.0
          ],
          [
            0.0,
            0.8979591836734694,
            0.10204081632653061
          ],
          [
            0.0,
            0.125,
            0.875
          ]
        ]
      },
      "distribution": {
        "y_true": {
          "mauvais": 88,
          "moyen": 98,
          "excellent": 24
        },
        "y_pred": {
          "mauvais": 74,
          "moyen": 105,
          "excellent": 31
        }
      },
      "confidence": {
        "mean_max_prob": 0.7500620484352112,
        "brier": 0.2282223248875375,
        "histogram": {
          "bins": [
            0.0,
            0.1,
            0.2,
            0.30000000000000004,
            0.4,
            0.5,
            0.6000000000000001,
            0.7000000000000001,
            0.8,
            0.9,
            1.0
          ],
          "counts": [
            0,
            0,
            0,
            0,
            12,
            38,
            36,
            35,
            38,
            51
          ],
          "accuracy": [
            null,
            null,
            null,
            null,
            0.5,
            0.6578947368421053,
            0.8055555555555556,
            0.9142857142857143,
            0.9736842105263158,
            1.0
          ]
        }
      }
    },
    "subject": {
      "n_samples": 15,
      "metrics": {
        "accuracy": 0.8,
        "balanced_acc": 0.8472222222218154,
        "macro_f1": 0.7633986928097495
      },
      "confusion_matrix": {
        "raw": [
          [
            4,
            2,
            0
          ],
          [
            0,
            7,
            1
          ],
          [
            0,
            0,
            1
          ]
        ],
        "normalized": [
          [
            0.6666666666666666,
            0.3333333333333333,
            0.0
          ],
          [
            0.0,
            0.875,
            0.125
          ],
          [
            0.0,
            0.0,
            1.0
          ]
        ]
      },
      "distribution": {
        "y_true": {
          "mauvais": 6,
          "moyen": 8,
          "excellent": 1
        },
        "y_pred": {
          "mauvais": 4,
          "moyen": 9,
          "excellent": 2
        }
      },
      "confidence": {
        "mean_max_prob": 0.7082701325416565,
        "brier": 0.2357233651496294,
        "histogram": {
          "bins": [
            0.0,
            0.1,
            0.2,
            0.30000000000000004,
            0.4,
            0.5,
            0.6000000000000001,
            0.7000000000000001,
            0.8,
            0.9,
            1.0
          ],
          "counts": [
            0,
            0,
            0,
            0,
            2,
            3,
            3,
            1,
            3,
            3
          ],
          "accuracy": [
            null,
            null,
            null,
            null,
            0.0,
            0.6666666666666666,
            1.0,
            1.0,
            1.0,
            1.0
          ]
        }
      }
    }
  }
}