{
  "stage": "test",
  "labels": [
    "mauvais",
    "moyen",
    "excellent"
  ],
  "aggregations": {
    "record": "mean_logit",
    "subject": "mean_prob"
  },
  "levels": {
    "window": {
      "n_samples": 17640,
      "metrics": {
        "accuracy": 0.33015873015873015,
        "balanced_acc": 0.3333333333333333,
        "macro_f1": 0.16547334924410786
      },
      "confusion_matrix": {
        "raw": [
          [
            0,
            7374,
            0
          ],
          [
            0,
            5824,
            0
          ],
          [
            0,
            4442,
            0
          ]
        ],
        "normalized": [
          [
            0.0,
            1.0,
            0.0
          ],
          [
            0.0,
            1.0,
            0.0
          ],
          [
            0.0,
            1.0,
            0.0
          ]
        ]
      },
      "distribution": {
        "y_true": {
          "mauvais": 7374,
          "moyen": 5824,
          "excellent": 4442
        },
        "y_pred": {
          "mauvais": 0,
          "moyen": 17640,
          "excellent": 0
        }
      },
      "confidence": {
        "mean_max_prob": 0.42829132080078125,
        "brier": 0.6843625505826341,
        "histogram": {
          "bins": [
            0.0,
            0.1,
            0.2,
            0.30000000000000004,
            0.4,
            0.5,
            0.6000000000000001,
            0.7000000000000001,
            0.8,
            0.9,
            1.0
          ],
          "counts": [
            0,
            0,
            0,
            2,
            17638,
            0,
            0,
            0,
            0,
            0
          ],
          "accuracy": [
            null,
            null,
            null,
            0.5,
            0.33013947159541895,
            null,
            null,
            null,
            null,
            null
          ]
        }
      }
    },
    "record": {
      "n_samples": 294,
      "metrics": {
        "accuracy": 0.35374149659863946,
        "balanced_acc": 0.33333333333333015,
        "macro_f1": 0.17420435510874813
      },
      "confusion_matrix": {
        "raw": [
          [
            0,
            125,
            0
          ],
          [
            0,
            104,
            0
          ],
          [
            0,
            65,
            0
          ]
        ],
        "normalized": [
          [
            0.0,
            1.0,
            0.0
          ],
          [
            0.0,
            1.0,
            0.0
          ],
          [
            0.0,
            1.0,
            0.0
          ]
        ]
      },
      "distribution": {
        "y_true": {
          "mauvais": 125,
          "moyen": 104,
          "excellent": 65
        },
        "y_pred": {
          "mauvais": 0,
          "moyen": 294,
          "excellent": 0
        }
      },
      "confidence": {
        "mean_max_prob": 0.42829132080078125,
        "brier": 0.677764746690624,
        "histogram": {
          "bins": [
            0.0,
            0.1,
            0.2,
            0.30000000000000004,
            0.4,
            0.5,
            0.6000000000000001,
            0.7000000000000001,
            0.8,
            0.9,
            1.0
          ],
          "counts": [
            0,
            0,
            0,
            0,
            294,
            0,
            0,
            0,
            0,
            0
          ],
          "accuracy": [
            null,
            null,
            null,
            null,
            0.35374149659863946,
            null,
            null,
            null,
            null,
            null
          ]
        }
      }
    },
    "subject": {
      "n_samples": 21,
      "metrics": {
        "accuracy": 0.3333333333333333,
        "balanced_acc": 0.3333333333332857,
        "macro_f1": 0.16666666666652977
      },
      "confusion_matrix": {
        "raw": [
          [
            0,
            9,
            0
          ],
          [
            0,
            7,
            0
          ],
          [
            0,
            5,
            0
          ]
        ],
        "normalized": [
          [
            0.0,
            1.0,
            0.0
          ],
          [
            0.0,
            1.0,
            0.0
          ],
          [
            0.0,
            1.0,
            0.0
          ]
        ]
      },
      "distribution": {
        "y_true": {
          "mauvais": 9,
          "moyen": 7,
          "excellent": 5
        },
        "y_pred": {
          "mauvais": 0,
          "moyen": 21,
          "excellent": 0
        }
      },
      "confidence": {
        "mean_max_prob": 0.428291380405426,
        "brier": 0.6839983524779799,
        "histogram": {
          "bins": [
            0.0,
            0.1,
            0.2,
            0.30000000000000004,
            0.4,
            0.5,
            0.6000000000000001,
            0.7000000000000001,
            0.8,
            0.9,
            1.0
          ],
          "counts": [
            0,
            0,
            0,
            0,
            21,
            0,
            0,
            0,
            0,
            0
          ],
          "accuracy": [
            null,
            null,
            null,
            null,
            0.3333333333333333,
            null,
            null,
            null,
            null,
            null
          ]
        }
      }
    }
  },
  "baseline_comparison": [
    {
      "model": "csp_lda",
      "record_macro_f1": 0.28719968771070653,
      "record_balanced_acc": 0.35714285714285715,
      "record_level_agg": "mean_prob",
      "run_id": "6f1914a011454774be1696ca7a90b7e9"
    },
    {
      "model": "simple_cnn",
      "record_macro_f1": 0.6915443745632425,
      "record_balanced_acc": 0.683020683020683,
      "record_level_agg": "mean_prob",
      "run_id": "0ee8b1157d384de6acda40c80622ad12"
    },
    {
      "model": "shallowconv",
      "record_macro_f1": 0.4404845096668996,
      "record_balanced_acc": 0.4654641654641655,
      "record_level_agg": "mean_prob",
      "run_id": "e1479e60234643a9b78582dd6b8edbd8"
    },
    {
      "model": "eegnet",
      "record_macro_f1": 0.6308994780601526,
      "record_balanced_acc": 0.6244829244829245,
      "record_level_agg": "mean_prob",
      "run_id": "ffda0cf072644e61a6767f9b2d1a2249"
    }
  ]
}