{
  "balanced_acc_record": 0.768770694732666,
  "epoch": 35.0,
  "lr-Adam/pg1": 0.00023204222371836402,
  "lr-Adam/pg2": 0.00023204222371836402,
  "multi_alpha": 0.009413751773536205,
  "multi_test_acc": 0.742789089679718,
  "multi_test_acc_cm": 0.742789089679718,
  "multi_test_balanced_acc": 0.7751007080078125,
  "multi_test_balanced_acc_record": 0.768770694732666,
  "multi_test_balanced_acc_subject": 0.800000011920929,
  "multi_test_bce_loss": 0.0,
  "multi_test_bce_loss_raw": 0.0,
  "multi_test_ce_loss": 0.7986515164375305,
  "multi_test_f1_c0": 0.851123571395874,
  "multi_test_f1_c1": 0.7347948551177979,
  "multi_test_f1_c2": 0.7075415849685669,
  "multi_test_f1_macro": 0.7644866704940796,
  "multi_test_f1_macro_record": 0.7762116193771362,
  "multi_test_f1_macro_subject": 0.7916666865348816,
  "multi_test_loss": 0.7986515164375305,
  "multi_test_precision_c0": 0.8169868588447571,
  "multi_test_precision_c1": 0.6550410985946655,
  "multi_test_precision_c2": 0.8612214922904968,
  "multi_test_recall_c0": 0.888237476348877,
  "multi_test_recall_c1": 0.8366615176200867,
  "multi_test_recall_c2": 0.6004031300544739,
  "multi_train_bce_loss": 0.0,
  "multi_train_bce_loss_raw": 0.0,
  "multi_train_ce_loss": 0.49790892004966736,
  "multi_train_loss": 0.49790892004966736,
  "multi_val_acc": 0.784761905670166,
  "multi_val_acc_cm": 0.784761905670166,
  "multi_val_balanced_acc": 0.7384307384490967,
  "multi_val_balanced_acc_record": 0.7514035701751709,
  "multi_val_balanced_acc_subject": 0.8333333134651184,
  "multi_val_bce_loss": 0.0,
  "multi_val_bce_loss_raw": 0.0,
  "multi_val_ce_loss": 0.7182841897010803,
  "multi_val_f1_c0": 0.8844855427742004,
  "multi_val_f1_c1": 0.7776129841804504,
  "multi_val_f1_c2": 0.5938843488693237,
  "multi_val_f1_macro": 0.751994252204895,
  "multi_val_f1_macro_record": 0.7715230584144592,
  "multi_val_f1_macro_subject": 0.8713449835777283,
  "multi_val_loss": 0.7182841897010803,
  "multi_val_precision_c0": 0.859706699848175,
  "multi_val_precision_c1": 0.7201526165008545,
  "multi_val_precision_c2": 0.8392977714538574,
  "multi_val_recall_c0": 0.910735011100769,
  "multi_val_recall_c1": 0.8450376391410828,
  "multi_val_recall_c2": 0.4595194160938263
}