{
  "stage": "val",
  "labels": [
    "mauvais",
    "moyen",
    "excellent"
  ],
  "aggregations": {
    "record": "mean_logit",
    "subject": "mean_prob"
  },
  "levels": {
    "window": {
      "n_samples": 12600,
      "metrics": {
        "accuracy": 0.8042063492063493,
        "balanced_acc": 0.783894556582367,
        "macro_f1": 0.7905899251134262
      },
      "confusion_matrix": {
        "raw": [
          [
            3955,
            348,
            10
          ],
          [
            650,
            4457,
            475
          ],
          [
            0,
            984,
            1721
          ]
        ],
        "normalized": [
          [
            0.9169951309993044,
            0.08068629724089961,
            0.002318571759795966
          ],
          [
            0.11644571838050878,
            0.7984593335721963,
            0.08509494804729488
          ],
          [
            0.0,
            0.3637707948243993,
            0.6362292051756008
          ]
        ]
      },
      "distribution": {
        "y_true": {
          "mauvais": 4313,
          "moyen": 5582,
          "excellent": 2705
        },
        "y_pred": {
          "mauvais": 4605,
          "moyen": 5789,
          "excellent": 2206
        }
      },
      "confidence": {
        "mean_max_prob": 0.8645150661468506,
        "brier": 0.28327235388951105,
        "histogram": {
          "bins": [
            0.0,
            0.1,
            0.2,
            0.30000000000000004,
            0.4,
            0.5,
            0.6000000000000001,
            0.7000000000000001,
            0.8,
            0.9,
            1.0
          ],
          "counts": [
            0,
            0,
            0,
            0,
            72,
            815,
            984,
            1181,
            2155,
            7393
          ],
          "accuracy": [
            null,
            null,
            null,
            null,
            0.4166666666666667,
            0.5104294478527608,
            0.5721544715447154,
            0.6443691786621507,
            0.7461716937354989,
            0.9137021506830786
          ]
        }
      }
    },
    "record": {
      "n_samples": 210,
      "metrics": {
        "accuracy": 0.8333333333333334,
        "balanced_acc": 0.7689341070074897,
        "macro_f1": 0.7846903039748637
      },
      "confusion_matrix": {
        "raw": [
          [
            62,
            3,
            0
          ],
          [
            9,
            96,
            4
          ],
          [
            0,
            19,
            17
          ]
        ],
        "normalized": [
          [
            0.9538461538461539,
            0.046153846153846156,
            0.0
          ],
          [
            0.08256880733944955,
            0.8807339449541285,
            0.03669724770642202
          ],
          [
            0.0,
            0.5277777777777778,
            0.4722222222222222
          ]
        ]
      },
      "distribution": {
        "y_true": {
          "mauvais": 65,
          "moyen": 109,
          "excellent": 36
        },
        "y_pred": {
          "mauvais": 71,
          "moyen": 118,
          "excellent": 21
        }
      },
      "confidence": {
        "mean_max_prob": 0.7523103952407837,
        "brier": 0.2599267327934399,
        "histogram": {
          "bins": [
            0.0,
            0.1,
            0.2,
            0.30000000000000004,
            0.4,
            0.5,
            0.6000000000000001,
            0.7000000000000001,
            0.8,
            0.9,
            1.0
          ],
          "counts": [
            0,
            0,
            0,
            0,
            8,
            36,
            41,
            40,
            31,
            54
          ],
          "accuracy": [
            null,
            null,
            null,
            null,
            0.875,
            0.6666666666666666,
            0.8048780487804879,
            0.85,
            0.8064516129032258,
            1.0
          ]
        }
      }
    },
    "subject": {
      "n_samples": 15,
      "metrics": {
        "accuracy": 0.9333333333333333,
        "balanced_acc": 0.8333333333331296,
        "macro_f1": 0.8713450292390202
      },
      "confusion_matrix": {
        "raw": [
          [
            4,
            0,
            0
          ],
          [
            0,
            9,
            0
          ],
          [
            0,
            1,
            1
          ]
        ],
        "normalized": [
          [
            1.0,
            0.0,
            0.0
          ],
          [
            0.0,
            1.0,
            0.0
          ],
          [
            0.0,
            0.5,
            0.5
          ]
        ]
      },
      "distribution": {
        "y_true": {
          "mauvais": 4,
          "moyen": 9,
          "excellent": 2
        },
        "y_pred": {
          "mauvais": 4,
          "moyen": 10,
          "excellent": 1
        }
      },
      "confidence": {
        "mean_max_prob": 0.722180187702179,
        "brier": 0.21907103045782397,
        "histogram": {
          "bins": [
            0.0,
            0.1,
            0.2,
            0.30000000000000004,
            0.4,
            0.5,
            0.6000000000000001,
            0.7000000000000001,
            0.8,
            0.9,
            1.0
          ],
          "counts": [
            0,
            0,
            0,
            0,
            1,
            4,
            4,
            0,
            3,
            3
          ],
          "accuracy": [
            null,
            null,
            null,
            null,
            1.0,
            1.0,
            0.75,
            null,
            1.0,
            1.0
          ]
        }
      }
    }
  }
}