{
  "balanced_acc_record": 0.3333333432674408,
  "epoch": 2.0,
  "lr-Adam/pg1": 0.00015,
  "lr-Adam/pg2": 0.00015,
  "multi_alpha": 0.009974578395485878,
  "multi_test_acc": 0.3301587402820587,
  "multi_test_acc_cm": 0.3301587402820587,
  "multi_test_balanced_acc": 0.3333333432674408,
  "multi_test_balanced_acc_record": 0.3333333432674408,
  "multi_test_balanced_acc_subject": 0.3333333432674408,
  "multi_test_bce_loss": 0.0,
  "multi_test_bce_loss_raw": 0.0,
  "multi_test_ce_loss": 1.2641900777816772,
  "multi_test_f1_c0": 0.0,
  "multi_test_f1_c1": 0.4964200556278229,
  "multi_test_f1_c2": 0.0,
  "multi_test_f1_macro": 0.1654733419418335,
  "multi_test_f1_macro_record": 0.17420434951782227,
  "multi_test_f1_macro_subject": 0.1666666716337204,
  "multi_test_loss": 1.2641900777816772,
  "multi_test_precision_c0": 0.0,
  "multi_test_precision_c1": 0.3301587402820587,
  "multi_test_precision_c2": 0.0,
  "multi_test_recall_c0": 0.0,
  "multi_test_recall_c1": 1.0,
  "multi_test_recall_c2": 0.0,
  "multi_train_bce_loss": 0.0,
  "multi_train_bce_loss_raw": 0.0,
  "multi_train_ce_loss": 1.259031057357788,
  "multi_train_loss": 1.259031057357788,
  "multi_val_acc": 0.1872907429933548,
  "multi_val_acc_cm": 0.1872907429933548,
  "multi_val_balanced_acc": 0.3333333432674408,
  "multi_val_balanced_acc_record": 0.3333333432674408,
  "multi_val_balanced_acc_subject": 0.3333333432674408,
  "multi_val_bce_loss": 0.0,
  "multi_val_bce_loss_raw": 0.0,
  "multi_val_ce_loss": 1.2672039270401,
  "multi_val_f1_c0": 0.0,
  "multi_val_f1_c1": 0.3154926002025604,
  "multi_val_f1_c2": 0.0,
  "multi_val_f1_macro": 0.10516420751810074,
  "multi_val_f1_macro_record": 0.0833333358168602,
  "multi_val_f1_macro_subject": 0.03921568766236305,
  "multi_val_loss": 1.2672039270401,
  "multi_val_precision_c0": 0.0,
  "multi_val_precision_c1": 0.1872907429933548,
  "multi_val_precision_c2": 0.0,
  "multi_val_recall_c0": 0.0,
  "multi_val_recall_c1": 1.0,
  "multi_val_recall_c2": 0.0
}