{
  "balanced_acc_record": 0.8702500462532043,
  "epoch": 68.0,
  "lr-Adam/pg1": 7.643647442542382e-05,
  "lr-Adam/pg2": 7.643647442542382e-05,
  "multi_alpha": 0.009977748617529869,
  "multi_test_acc": 0.8274180293083191,
  "multi_test_acc_cm": 0.8274180293083191,
  "multi_test_balanced_acc": 0.8227571845054626,
  "multi_test_balanced_acc_record": 0.8702500462532043,
  "multi_test_balanced_acc_subject": 0.8999999165534973,
  "multi_test_bce_loss": 0.0,
  "multi_test_bce_loss_raw": 0.0,
  "multi_test_ce_loss": 0.6420314908027649,
  "multi_test_f1_c0": 0.8970437049865723,
  "multi_test_f1_c1": 0.764135479927063,
  "multi_test_f1_c2": 0.8174843788146973,
  "multi_test_f1_macro": 0.8262211680412292,
  "multi_test_f1_macro_record": 0.8711807727813721,
  "multi_test_f1_macro_subject": 0.9074074029922485,
  "multi_test_loss": 0.6420314908027649,
  "multi_test_precision_c0": 0.8832730650901794,
  "multi_test_precision_c1": 0.7396389842033386,
  "multi_test_precision_c2": 0.8754594326019287,
  "multi_test_recall_c0": 0.9112505316734314,
  "multi_test_recall_c1": 0.7903101444244385,
  "multi_test_recall_c2": 0.7667108774185181,
  "multi_train_bce_loss": 0.0,
  "multi_train_bce_loss_raw": 0.0,
  "multi_train_ce_loss": 0.4436628818511963,
  "multi_train_loss": 0.4436628818511963,
  "multi_val_acc": 0.8265079259872437,
  "multi_val_acc_cm": 0.8265079259872437,
  "multi_val_balanced_acc": 0.806140124797821,
  "multi_val_balanced_acc_record": 0.8405998349189758,
  "multi_val_balanced_acc_subject": 0.9027778506278992,
  "multi_val_bce_loss": 0.0,
  "multi_val_bce_loss_raw": 0.0,
  "multi_val_ce_loss": 0.6264800429344177,
  "multi_val_f1_c0": 0.8915359377861023,
  "multi_val_f1_c1": 0.7955580949783325,
  "multi_val_f1_c2": 0.7468879818916321,
  "multi_val_f1_macro": 0.811327338218689,
  "multi_val_f1_macro_record": 0.8428241014480591,
  "multi_val_f1_macro_subject": 0.816919207572937,
  "multi_val_loss": 0.6264800429344177,
  "multi_val_precision_c0": 0.8967465162277222,
  "multi_val_precision_c1": 0.7785621285438538,
  "multi_val_precision_c2": 0.7773512601852417,
  "multi_val_recall_c0": 0.8863855004310608,
  "multi_val_recall_c1": 0.8133126497268677,
  "multi_val_recall_c2": 0.7187223434448242
}