{
  "stage": "val",
  "labels": [
    "mauvais",
    "moyen",
    "excellent"
  ],
  "aggregations": {
    "record": "mean_logit",
    "subject": "mean_prob"
  },
  "levels": {
    "window": {
      "n_samples": 12600,
      "metrics": {
        "accuracy": 0.8265079365079365,
        "balanced_acc": 0.8061401413008568,
        "macro_f1": 0.8113273273624847
      },
      "confusion_matrix": {
        "raw": [
          [
            4603,
            565,
            25
          ],
          [
            523,
            4191,
            439
          ],
          [
            7,
            627,
            1620
          ]
        ],
        "normalized": [
          [
            0.8863855189678413,
            0.1088003081070672,
            0.004814172925091469
          ],
          [
            0.10149427517950708,
            0.8133126334174268,
            0.08519309140306618
          ],
          [
            0.003105590062111801,
            0.27817213842058564,
            0.7187222715173026
          ]
        ]
      },
      "distribution": {
        "y_true": {
          "mauvais": 5193,
          "moyen": 5153,
          "excellent": 2254
        },
        "y_pred": {
          "mauvais": 5133,
          "moyen": 5383,
          "excellent": 2084
        }
      },
      "confidence": {
        "mean_max_prob": 0.8647729158401489,
        "brier": 0.25440561752449925,
        "histogram": {
          "bins": [
            0.0,
            0.1,
            0.2,
            0.30000000000000004,
            0.4,
            0.5,
            0.6000000000000001,
            0.7000000000000001,
            0.8,
            0.9,
            1.0
          ],
          "counts": [
            0,
            0,
            0,
            2,
            83,
            865,
            917,
            1219,
            1995,
            7519
          ],
          "accuracy": [
            null,
            null,
            null,
            0.5,
            0.5421686746987951,
            0.5352601156069364,
            0.6205016357688113,
            0.6866283839212469,
            0.7463659147869675,
            0.9323048277696502
          ]
        }
      }
    },
    "record": {
      "n_samples": 210,
      "metrics": {
        "accuracy": 0.8714285714285714,
        "balanced_acc": 0.8405998763141453,
        "macro_f1": 0.8428241078812814
      },
      "confusion_matrix": {
        "raw": [
          [
            76,
            12,
            0
          ],
          [
            3,
            89,
            6
          ],
          [
            0,
            6,
            18
          ]
        ],
        "normalized": [
          [
            0.8636363636363636,
            0.13636363636363635,
            0.0
          ],
          [
            0.030612244897959183,
            0.9081632653061225,
            0.061224489795918366
          ],
          [
            0.0,
            0.25,
            0.75
          ]
        ]
      },
      "distribution": {
        "y_true": {
          "mauvais": 88,
          "moyen": 98,
          "excellent": 24
        },
        "y_pred": {
          "mauvais": 79,
          "moyen": 107,
          "excellent": 24
        }
      },
      "confidence": {
        "mean_max_prob": 0.741740345954895,
        "brier": 0.2095479722851779,
        "histogram": {
          "bins": [
            0.0,
            0.1,
            0.2,
            0.30000000000000004,
            0.4,
            0.5,
            0.6000000000000001,
            0.7000000000000001,
            0.8,
            0.9,
            1.0
          ],
          "counts": [
            0,
            0,
            0,
            1,
            15,
            41,
            34,
            37,
            30,
            52
          ],
          "accuracy": [
            null,
            null,
            null,
            1.0,
            0.6666666666666666,
            0.6829268292682927,
            0.9411764705882353,
            0.9459459459459459,
            0.9666666666666667,
            1.0
          ]
        }
      }
    },
    "subject": {
      "n_samples": 15,
      "metrics": {
        "accuracy": 0.8666666666666667,
        "balanced_acc": 0.9027777777773617,
        "macro_f1": 0.8169191919184721
      },
      "confusion_matrix": {
        "raw": [
          [
            5,
            1,
            0
          ],
          [
            0,
            7,
            1
          ],
          [
            0,
            0,
            1
          ]
        ],
        "normalized": [
          [
            0.8333333333333334,
            0.16666666666666666,
            0.0
          ],
          [
            0.0,
            0.875,
            0.125
          ],
          [
            0.0,
            0.0,
            1.0
          ]
        ]
      },
      "distribution": {
        "y_true": {
          "mauvais": 6,
          "moyen": 8,
          "excellent": 1
        },
        "y_pred": {
          "mauvais": 5,
          "moyen": 8,
          "excellent": 2
        }
      },
      "confidence": {
        "mean_max_prob": 0.6943835020065308,
        "brier": 0.22455600732272987,
        "histogram": {
          "bins": [
            0.0,
            0.1,
            0.2,
            0.30000000000000004,
            0.4,
            0.5,
            0.6000000000000001,
            0.7000000000000001,
            0.8,
            0.9,
            1.0
          ],
          "counts": [
            0,
            0,
            0,
            0,
            2,
            4,
            2,
            2,
            2,
            3
          ],
          "accuracy": [
            null,
            null,
            null,
            null,
            0.5,
            0.75,
            1.0,
            1.0,
            1.0,
            1.0
          ]
        }
      }
    }
  }
}