{
  "stage": "test",
  "labels": [
    "mauvais",
    "moyen",
    "excellent"
  ],
  "aggregations": {
    "record": "mean_logit",
    "subject": "mean_prob"
  },
  "levels": {
    "window": {
      "n_samples": 18455,
      "metrics": {
        "accuracy": 0.8274180438905445,
        "balanced_acc": 0.8227571826097052,
        "macro_f1": 0.8262211658480072
      },
      "confusion_matrix": {
        "raw": [
          [
            6099,
            583,
            11
          ],
          [
            794,
            5122,
            565
          ],
          [
            12,
            1220,
            4049
          ]
        ],
        "normalized": [
          [
            0.9112505602868669,
            0.08710593157029732,
            0.0016435081428357986
          ],
          [
            0.12251195803116803,
            0.790310137324487,
            0.08717790464434501
          ],
          [
            0.0022722969134633592,
            0.23101685286877485,
            0.7667108502177618
          ]
        ]
      },
      "distribution": {
        "y_true": {
          "mauvais": 6693,
          "moyen": 6481,
          "excellent": 5281
        },
        "y_pred": {
          "mauvais": 6905,
          "moyen": 6925,
          "excellent": 4625
        }
      },
      "confidence": {
        "mean_max_prob": 0.8839460611343384,
        "brier": 0.25408762748033686,
        "histogram": {
          "bins": [
            0.0,
            0.1,
            0.2,
            0.30000000000000004,
            0.4,
            0.5,
            0.6000000000000001,
            0.7000000000000001,
            0.8,
            0.9,
            1.0
          ],
          "counts": [
            0,
            0,
            0,
            0,
            53,
            1003,
            1057,
            1336,
            2634,
            12372
          ],
          "accuracy": [
            null,
            null,
            null,
            null,
            0.41509433962264153,
            0.5064805583250249,
            0.5562913907284768,
            0.5965568862275449,
            0.7118451025056948,
            0.9279017135467184
          ]
        }
      }
    },
    "record": {
      "n_samples": 308,
      "metrics": {
        "accuracy": 0.8701298701298701,
        "balanced_acc": 0.8702500472828055,
        "macro_f1": 0.8711807045135295
      },
      "confusion_matrix": {
        "raw": [
          [
            98,
            5,
            0
          ],
          [
            15,
            106,
            7
          ],
          [
            0,
            13,
            64
          ]
        ],
        "normalized": [
          [
            0.9514563106796117,
            0.04854368932038835,
            0.0
          ],
          [
            0.1171875,
            0.828125,
            0.0546875
          ],
          [
            0.0,
            0.16883116883116883,
            0.8311688311688312
          ]
        ]
      },
      "distribution": {
        "y_true": {
          "mauvais": 103,
          "moyen": 128,
          "excellent": 77
        },
        "y_pred": {
          "mauvais": 113,
          "moyen": 124,
          "excellent": 71
        }
      },
      "confidence": {
        "mean_max_prob": 0.775651216506958,
        "brier": 0.2170432846744383,
        "histogram": {
          "bins": [
            0.0,
            0.1,
            0.2,
            0.30000000000000004,
            0.4,
            0.5,
            0.6000000000000001,
            0.7000000000000001,
            0.8,
            0.9,
            1.0
          ],
          "counts": [
            0,
            0,
            0,
            0,
            13,
            43,
            49,
            51,
            58,
            94
          ],
          "accuracy": [
            null,
            null,
            null,
            null,
            0.7692307692307693,
            0.7209302325581395,
            0.7551020408163265,
            0.8431372549019608,
            0.9655172413793104,
            0.9893617021276596
          ]
        }
      }
    },
    "subject": {
      "n_samples": 22,
      "metrics": {
        "accuracy": 0.9090909090909091,
        "balanced_acc": 0.899999999999869,
        "macro_f1": 0.9074074074067728
      },
      "confusion_matrix": {
        "raw": [
          [
            7,
            0,
            0
          ],
          [
            1,
            9,
            0
          ],
          [
            0,
            1,
            4
          ]
        ],
        "normalized": [
          [
            1.0,
            0.0,
            0.0
          ],
          [
            0.1,
            0.9,
            0.0
          ],
          [
            0.0,
            0.2,
            0.8
          ]
        ]
      },
      "distribution": {
        "y_true": {
          "mauvais": 7,
          "moyen": 10,
          "excellent": 5
        },
        "y_pred": {
          "mauvais": 8,
          "moyen": 10,
          "excellent": 4
        }
      },
      "confidence": {
        "mean_max_prob": 0.7365732192993164,
        "brier": 0.1948026523153267,
        "histogram": {
          "bins": [
            0.0,
            0.1,
            0.2,
            0.30000000000000004,
            0.4,
            0.5,
            0.6000000000000001,
            0.7000000000000001,
            0.8,
            0.9,
            1.0
          ],
          "counts": [
            0,
            0,
            0,
            0,
            1,
            6,
            2,
            5,
            2,
            6
          ],
          "accuracy": [
            null,
            null,
            null,
            null,
            1.0,
            0.6666666666666666,
            1.0,
            1.0,
            1.0,
            1.0
          ]
        }
      }
    }
  },
  "baseline_comparison": [
    {
      "model": "csp_lda",
      "record_macro_f1": 0.4533365376912601,
      "record_balanced_acc": 0.5601212711818526,
      "record_level_agg": "mean_prob",
      "run_id": "f0583879cc6c4e50aba0e1213f3adf4e"
    },
    {
      "model": "simple_cnn",
      "record_macro_f1": 0.738467532373584,
      "record_balanced_acc": 0.7299789638591002,
      "record_level_agg": "mean_prob",
      "run_id": "6a8947fea9194b6a968ea546f5d98923"
    },
    {
      "model": "shallowconv",
      "record_macro_f1": 0.5467091993335088,
      "record_balanced_acc": 0.5604353744681827,
      "record_level_agg": "mean_prob",
      "run_id": "4626adced88745f5a19316a153760cca"
    },
    {
      "model": "eegnet",
      "record_macro_f1": 0.7106677597596388,
      "record_balanced_acc": 0.7065421764138673,
      "record_level_agg": "mean_prob",
      "run_id": "966066102d2c483887c7eea5c42eeb78"
    }
  ]
}