{
  "balanced_acc_record": 0.3333333432674408,
  "epoch": 2.0,
  "lr-Adam/pg1": 0.00015,
  "lr-Adam/pg2": 0.00015,
  "multi_alpha": 0.009974578395485878,
  "multi_test_acc": 0.3511785566806793,
  "multi_test_acc_cm": 0.3511785566806793,
  "multi_test_balanced_acc": 0.3333333432674408,
  "multi_test_balanced_acc_record": 0.3333333432674408,
  "multi_test_balanced_acc_subject": 0.3333333432674408,
  "multi_test_bce_loss": 0.0,
  "multi_test_bce_loss_raw": 0.0,
  "multi_test_ce_loss": 1.2608230113983154,
  "multi_test_f1_c0": 0.0,
  "multi_test_f1_c1": 0.5198107361793518,
  "multi_test_f1_c2": 0.0,
  "multi_test_f1_macro": 0.17327024042606354,
  "multi_test_f1_macro_record": 0.1957186609506607,
  "multi_test_f1_macro_subject": 0.2083333283662796,
  "multi_test_loss": 1.2608230113983154,
  "multi_test_precision_c0": 0.0,
  "multi_test_precision_c1": 0.3511785566806793,
  "multi_test_precision_c2": 0.0,
  "multi_test_recall_c0": 0.0,
  "multi_test_recall_c1": 1.0,
  "multi_test_recall_c2": 0.0,
  "multi_train_bce_loss": 0.0,
  "multi_train_bce_loss_raw": 0.0,
  "multi_train_ce_loss": 1.2589783668518066,
  "multi_train_loss": 1.2589783668518066,
  "multi_val_acc": 0.4089682400226593,
  "multi_val_acc_cm": 0.4089682400226593,
  "multi_val_balanced_acc": 0.3333333432674408,
  "multi_val_balanced_acc_record": 0.3333333432674408,
  "multi_val_balanced_acc_subject": 0.3333333432674408,
  "multi_val_bce_loss": 0.0,
  "multi_val_bce_loss_raw": 0.0,
  "multi_val_ce_loss": 1.2691833972930908,
  "multi_val_f1_c0": 0.0,
  "multi_val_f1_c1": 0.5805215835571289,
  "multi_val_f1_c2": 0.0,
  "multi_val_f1_macro": 0.19350720942020416,
  "multi_val_f1_macro_record": 0.21212121844291687,
  "multi_val_f1_macro_subject": 0.23188406229019165,
  "multi_val_loss": 1.2691833972930908,
  "multi_val_precision_c0": 0.0,
  "multi_val_precision_c1": 0.4089682400226593,
  "multi_val_precision_c2": 0.0,
  "multi_val_recall_c0": 0.0,
  "multi_val_recall_c1": 1.0,
  "multi_val_recall_c2": 0.0
}