{
  "balanced_acc_record": 0.8074148297309875,
  "epoch": 67.0,
  "lr-Adam/pg1": 8.079882555319684e-05,
  "lr-Adam/pg2": 8.079882555319684e-05,
  "multi_alpha": 0.009975412860512733,
  "multi_test_acc": 0.7634071111679077,
  "multi_test_acc_cm": 0.7634071111679077,
  "multi_test_balanced_acc": 0.7930642366409302,
  "multi_test_balanced_acc_record": 0.8074148297309875,
  "multi_test_balanced_acc_subject": 0.8333333134651184,
  "multi_test_bce_loss": 0.0,
  "multi_test_bce_loss_raw": 0.0,
  "multi_test_ce_loss": 0.7905941009521484,
  "multi_test_f1_c0": 0.8294665813446045,
  "multi_test_f1_c1": 0.7546159029006958,
  "multi_test_f1_c2": 0.7461826801300049,
  "multi_test_f1_macro": 0.7767550349235535,
  "multi_test_f1_macro_record": 0.8007366061210632,
  "multi_test_f1_macro_subject": 0.8222222328186035,
  "multi_test_loss": 0.7905941009521484,
  "multi_test_precision_c0": 0.7710956931114197,
  "multi_test_precision_c1": 0.692315936088562,
  "multi_test_precision_c2": 0.8711739182472229,
  "multi_test_recall_c0": 0.8973982930183411,
  "multi_test_recall_c1": 0.8292370438575745,
  "multi_test_recall_c2": 0.6525573134422302,
  "multi_train_bce_loss": 0.0,
  "multi_train_bce_loss_raw": 0.0,
  "multi_train_ce_loss": 0.42698749899864197,
  "multi_train_loss": 0.42698749899864197,
  "multi_val_acc": 0.8042063117027283,
  "multi_val_acc_cm": 0.8042063117027283,
  "multi_val_balanced_acc": 0.7838945388793945,
  "multi_val_balanced_acc_record": 0.7689341306686401,
  "multi_val_balanced_acc_subject": 0.8333333134651184,
  "multi_val_bce_loss": 0.0,
  "multi_val_bce_loss_raw": 0.0,
  "multi_val_ce_loss": 0.6814108490943909,
  "multi_val_f1_c0": 0.8869701623916626,
  "multi_val_f1_c1": 0.7839240431785583,
  "multi_val_f1_c2": 0.7008755803108215,
  "multi_val_f1_macro": 0.7905899286270142,
  "multi_val_f1_macro_record": 0.7846903204917908,
  "multi_val_f1_macro_subject": 0.8713449835777283,
  "multi_val_loss": 0.6814108490943909,
  "multi_val_precision_c0": 0.8588491082191467,
  "multi_val_precision_c1": 0.7699084281921387,
  "multi_val_precision_c2": 0.7801450490951538,
  "multi_val_recall_c0": 0.916995108127594,
  "multi_val_recall_c1": 0.7984593510627747,
  "multi_val_recall_c2": 0.6362292170524597
}