{
  "stage": "test",
  "labels": [
    "mauvais",
    "moyen",
    "excellent"
  ],
  "aggregations": {
    "record": "mean_logit",
    "subject": "mean_prob"
  },
  "levels": {
    "window": {
      "n_samples": 18479,
      "metrics": {
        "accuracy": 0.7634071107743926,
        "balanced_acc": 0.7930642349324732,
        "macro_f1": 0.7767550291716919
      },
      "confusion_matrix": {
        "raw": [
          [
            2449,
            271,
            9
          ],
          [
            577,
            6478,
            757
          ],
          [
            150,
            2608,
            5180
          ]
        ],
        "normalized": [
          [
            0.8973983144008795,
            0.09930377427629168,
            0.003297911322828875
          ],
          [
            0.07386072708653353,
            0.8292370711725551,
            0.09690220174091142
          ],
          [
            0.01889644746787604,
            0.3285462333081381,
            0.6525573192239859
          ]
        ]
      },
      "distribution": {
        "y_true": {
          "mauvais": 2729,
          "moyen": 7812,
          "excellent": 7938
        },
        "y_pred": {
          "mauvais": 3176,
          "moyen": 9357,
          "excellent": 5946
        }
      },
      "confidence": {
        "mean_max_prob": 0.8538089394569397,
        "brier": 0.3490682381847092,
        "histogram": {
          "bins": [
            0.0,
            0.1,
            0.2,
            0.30000000000000004,
            0.4,
            0.5,
            0.6000000000000001,
            0.7000000000000001,
            0.8,
            0.9,
            1.0
          ],
          "counts": [
            0,
            0,
            0,
            0,
            109,
            1375,
            1543,
            2011,
            3403,
            10038
          ],
          "accuracy": [
            null,
            null,
            null,
            null,
            0.41284403669724773,
            0.5178181818181818,
            0.5392093324692158,
            0.6126305320735952,
            0.7093740816926242,
            0.8838414026698546
          ]
        }
      }
    },
    "record": {
      "n_samples": 308,
      "metrics": {
        "accuracy": 0.788961038961039,
        "balanced_acc": 0.807414858400962,
        "macro_f1": 0.8007366075009582
      },
      "confusion_matrix": {
        "raw": [
          [
            34,
            4,
            0
          ],
          [
            3,
            130,
            13
          ],
          [
            4,
            41,
            79
          ]
        ],
        "normalized": [
          [
            0.8947368421052632,
            0.10526315789473684,
            0.0
          ],
          [
            0.02054794520547945,
            0.8904109589041096,
            0.08904109589041095
          ],
          [
            0.03225806451612903,
            0.33064516129032256,
            0.6370967741935484
          ]
        ]
      },
      "distribution": {
        "y_true": {
          "mauvais": 38,
          "moyen": 146,
          "excellent": 124
        },
        "y_pred": {
          "mauvais": 41,
          "moyen": 175,
          "excellent": 92
        }
      },
      "confidence": {
        "mean_max_prob": 0.728500247001648,
        "brier": 0.31969171690987885,
        "histogram": {
          "bins": [
            0.0,
            0.1,
            0.2,
            0.30000000000000004,
            0.4,
            0.5,
            0.6000000000000001,
            0.7000000000000001,
            0.8,
            0.9,
            1.0
          ],
          "counts": [
            0,
            0,
            0,
            0,
            13,
            57,
            63,
            70,
            58,
            47
          ],
          "accuracy": [
            null,
            null,
            null,
            null,
            0.3076923076923077,
            0.5789473684210527,
            0.7301587301587301,
            0.8428571428571429,
            0.896551724137931,
            0.9574468085106383
          ]
        }
      }
    },
    "subject": {
      "n_samples": 22,
      "metrics": {
        "accuracy": 0.7727272727272727,
        "balanced_acc": 0.8333333333331167,
        "macro_f1": 0.8222222222215296
      },
      "confusion_matrix": {
        "raw": [
          [
            2,
            0,
            0
          ],
          [
            0,
            10,
            0
          ],
          [
            0,
            5,
            5
          ]
        ],
        "normalized": [
          [
            1.0,
            0.0,
            0.0
          ],
          [
            0.0,
            1.0,
            0.0
          ],
          [
            0.0,
            0.5,
            0.5
          ]
        ]
      },
      "distribution": {
        "y_true": {
          "mauvais": 2,
          "moyen": 10,
          "excellent": 10
        },
        "y_pred": {
          "mauvais": 2,
          "moyen": 15,
          "excellent": 5
        }
      },
      "confidence": {
        "mean_max_prob": 0.6623733043670654,
        "brier": 0.3961322999676635,
        "histogram": {
          "bins": [
            0.0,
            0.1,
            0.2,
            0.30000000000000004,
            0.4,
            0.5,
            0.6000000000000001,
            0.7000000000000001,
            0.8,
            0.9,
            1.0
          ],
          "counts": [
            0,
            0,
            0,
            0,
            4,
            3,
            5,
            8,
            0,
            2
          ],
          "accuracy": [
            null,
            null,
            null,
            null,
            0.75,
            0.6666666666666666,
            0.8,
            0.75,
            null,
            1.0
          ]
        }
      }
    }
  },
  "baseline_comparison": [
    {
      "model": "csp_lda",
      "record_macro_f1": 0.31770130454340983,
      "record_balanced_acc": 0.3958553791887125,
      "record_level_agg": "mean_prob",
      "run_id": "5bfb60b12c764c77a21b81536e46a5ee"
    },
    {
      "model": "simple_cnn",
      "record_macro_f1": 0.8225358509881344,
      "record_balanced_acc": 0.820695256660169,
      "record_level_agg": "mean_prob",
      "run_id": "3760acabd6134028bb3c4a85039b3a7f"
    },
    {
      "model": "shallowconv",
      "record_macro_f1": 0.5351897449842408,
      "record_balanced_acc": 0.5457904019307528,
      "record_level_agg": "mean_prob",
      "run_id": "e8049845c21448b5b3ec2a3db205682c"
    },
    {
      "model": "eegnet",
      "record_macro_f1": 0.7345202660493148,
      "record_balanced_acc": 0.7358163928339367,
      "record_level_agg": "mean_prob",
      "run_id": "5221df032cb644e08ce5e89cb8095f3a"
    }
  ]
}