{
  "stage": "test",
  "labels": [
    "mauvais",
    "moyen",
    "excellent"
  ],
  "aggregations": {
    "record": "mean_logit",
    "subject": "mean_prob"
  },
  "levels": {
    "window": {
      "n_samples": 18479,
      "metrics": {
        "accuracy": 0.8348936630770063,
        "balanced_acc": 0.8224024610620969,
        "macro_f1": 0.7995133996310321
      },
      "confusion_matrix": {
        "raw": [
          [
            9248,
            1474,
            88
          ],
          [
            202,
            2812,
            475
          ],
          [
            6,
            806,
            3368
          ]
        ],
        "normalized": [
          [
            0.8555041628122109,
            0.13635522664199815,
            0.008140610545790935
          ],
          [
            0.057896245342505016,
            0.8059615935798223,
            0.13614216107767269
          ],
          [
            0.0014354066985645933,
            0.19282296650717703,
            0.8057416267942584
          ]
        ]
      },
      "distribution": {
        "y_true": {
          "mauvais": 10810,
          "moyen": 3489,
          "excellent": 4180
        },
        "y_pred": {
          "mauvais": 9456,
          "moyen": 5092,
          "excellent": 3931
        }
      },
      "confidence": {
        "mean_max_prob": 0.8582974076271057,
        "brier": 0.23396022017872453,
        "histogram": {
          "bins": [
            0.0,
            0.1,
            0.2,
            0.30000000000000004,
            0.4,
            0.5,
            0.6000000000000001,
            0.7000000000000001,
            0.8,
            0.9,
            1.0
          ],
          "counts": [
            0,
            0,
            0,
            8,
            139,
            1337,
            1488,
            1925,
            3090,
            10492
          ],
          "accuracy": [
            null,
            null,
            null,
            0.5,
            0.4244604316546763,
            0.5355272999252056,
            0.594758064516129,
            0.6670129870129871,
            0.7618122977346279,
            0.9651162790697675
          ]
        }
      }
    },
    "record": {
      "n_samples": 308,
      "metrics": {
        "accuracy": 0.8896103896103896,
        "balanced_acc": 0.8929892429332394,
        "macro_f1": 0.8525771582699196
      },
      "confusion_matrix": {
        "raw": [
          [
            167,
            20,
            1
          ],
          [
            1,
            40,
            3
          ],
          [
            0,
            9,
            67
          ]
        ],
        "normalized": [
          [
            0.8882978723404256,
            0.10638297872340426,
            0.005319148936170213
          ],
          [
            0.022727272727272728,
            0.9090909090909091,
            0.06818181818181818
          ],
          [
            0.0,
            0.11842105263157894,
            0.881578947368421
          ]
        ]
      },
      "distribution": {
        "y_true": {
          "mauvais": 188,
          "moyen": 44,
          "excellent": 76
        },
        "y_pred": {
          "mauvais": 168,
          "moyen": 69,
          "excellent": 71
        }
      },
      "confidence": {
        "mean_max_prob": 0.7587305903434753,
        "brier": 0.20356051156187796,
        "histogram": {
          "bins": [
            0.0,
            0.1,
            0.2,
            0.30000000000000004,
            0.4,
            0.5,
            0.6000000000000001,
            0.7000000000000001,
            0.8,
            0.9,
            1.0
          ],
          "counts": [
            0,
            0,
            0,
            1,
            22,
            50,
            45,
            60,
            35,
            95
          ],
          "accuracy": [
            null,
            null,
            null,
            0.0,
            0.6818181818181818,
            0.78,
            0.8222222222222222,
            0.9166666666666666,
            1.0,
            1.0
          ]
        }
      }
    },
    "subject": {
      "n_samples": 22,
      "metrics": {
        "accuracy": 0.9545454545454546,
        "balanced_acc": 0.9761904761902319,
        "macro_f1": 0.9209876543203085
      },
      "confusion_matrix": {
        "raw": [
          [
            13,
            1,
            0
          ],
          [
            0,
            2,
            0
          ],
          [
            0,
            0,
            6
          ]
        ],
        "normalized": [
          [
            0.9285714285714286,
            0.07142857142857142,
            0.0
          ],
          [
            0.0,
            1.0,
            0.0
          ],
          [
            0.0,
            0.0,
            1.0
          ]
        ]
      },
      "distribution": {
        "y_true": {
          "mauvais": 14,
          "moyen": 2,
          "excellent": 6
        },
        "y_pred": {
          "mauvais": 13,
          "moyen": 3,
          "excellent": 6
        }
      },
      "confidence": {
        "mean_max_prob": 0.7222155332565308,
        "brier": 0.19864882983876112,
        "histogram": {
          "bins": [
            0.0,
            0.1,
            0.2,
            0.30000000000000004,
            0.4,
            0.5,
            0.6000000000000001,
            0.7000000000000001,
            0.8,
            0.9,
            1.0
          ],
          "counts": [
            0,
            0,
            0,
            0,
            2,
            4,
            5,
            6,
            0,
            5
          ],
          "accuracy": [
            null,
            null,
            null,
            null,
            1.0,
            0.75,
            1.0,
            1.0,
            null,
            1.0
          ]
        }
      }
    }
  },
  "baseline_comparison": [
    {
      "model": "csp_lda",
      "record_macro_f1": 0.3680381412340175,
      "record_balanced_acc": 0.4801740812379111,
      "record_level_agg": "mean_prob",
      "run_id": "4050154c324543d7b40756ad58ba5426"
    },
    {
      "model": "simple_cnn",
      "record_macro_f1": 0.7314414877887275,
      "record_balanced_acc": 0.728464354794142,
      "record_level_agg": "mean_prob",
      "run_id": "8abb4d45b6af40609bfb08607969484c"
    },
    {
      "model": "shallowconv",
      "record_macro_f1": 0.554983367761582,
      "record_balanced_acc": 0.5621776273372019,
      "record_level_agg": "mean_prob",
      "run_id": "7103c925000a46f7b8c9991b27b91c43"
    },
    {
      "model": "eegnet",
      "record_macro_f1": 0.6783140379978291,
      "record_balanced_acc": 0.6811158699456573,
      "record_level_agg": "mean_prob",
      "run_id": "5f47f6e8d4d94eb596d9d51c6b79b624"
    }
  ]
}