{
  "stage": "val",
  "labels": [
    "mauvais",
    "moyen",
    "excellent"
  ],
  "aggregations": {
    "record": "mean_logit",
    "subject": "mean_prob"
  },
  "levels": {
    "window": {
      "n_samples": 12600,
      "metrics": {
        "accuracy": 0.7885714285714286,
        "balanced_acc": 0.7546781047780865,
        "macro_f1": 0.7643020371242958
      },
      "confusion_matrix": {
        "raw": [
          [
            5296,
            800,
            62
          ],
          [
            742,
            3276,
            324
          ],
          [
            14,
            722,
            1364
          ]
        ],
        "normalized": [
          [
            0.8600194868463787,
            0.12991230919129587,
            0.01006820396232543
          ],
          [
            0.1708889912482727,
            0.7544910179640718,
            0.07461999078765545
          ],
          [
            0.006666666666666667,
            0.3438095238095238,
            0.6495238095238095
          ]
        ]
      },
      "distribution": {
        "y_true": {
          "mauvais": 6158,
          "moyen": 4342,
          "excellent": 2100
        },
        "y_pred": {
          "mauvais": 6052,
          "moyen": 4798,
          "excellent": 1750
        }
      },
      "confidence": {
        "mean_max_prob": 0.8348878026008606,
        "brier": 0.2990662179816587,
        "histogram": {
          "bins": [
            0.0,
            0.1,
            0.2,
            0.30000000000000004,
            0.4,
            0.5,
            0.6000000000000001,
            0.7000000000000001,
            0.8,
            0.9,
            1.0
          ],
          "counts": [
            0,
            0,
            0,
            7,
            132,
            1140,
            1228,
            1626,
            2503,
            5964
          ],
          "accuracy": [
            null,
            null,
            null,
            0.42857142857142855,
            0.4166666666666667,
            0.5280701754385965,
            0.5912052117263844,
            0.6666666666666666,
            0.7415101877746704,
            0.9406438631790744
          ]
        }
      }
    },
    "record": {
      "n_samples": 210,
      "metrics": {
        "accuracy": 0.8285714285714286,
        "balanced_acc": 0.7998348348348188,
        "macro_f1": 0.8058533160365952
      },
      "confusion_matrix": {
        "raw": [
          [
            93,
            18,
            0
          ],
          [
            7,
            64,
            4
          ],
          [
            0,
            7,
            17
          ]
        ],
        "normalized": [
          [
            0.8378378378378378,
            0.16216216216216217,
            0.0
          ],
          [
            0.09333333333333334,
            0.8533333333333334,
            0.05333333333333334
          ],
          [
            0.0,
            0.2916666666666667,
            0.7083333333333334
          ]
        ]
      },
      "distribution": {
        "y_true": {
          "mauvais": 111,
          "moyen": 75,
          "excellent": 24
        },
        "y_pred": {
          "mauvais": 100,
          "moyen": 89,
          "excellent": 21
        }
      },
      "confidence": {
        "mean_max_prob": 0.7361062169075012,
        "brier": 0.2385143638915898,
        "histogram": {
          "bins": [
            0.0,
            0.1,
            0.2,
            0.30000000000000004,
            0.4,
            0.5,
            0.6000000000000001,
            0.7000000000000001,
            0.8,
            0.9,
            1.0
          ],
          "counts": [
            0,
            0,
            0,
            0,
            18,
            34,
            46,
            28,
            31,
            53
          ],
          "accuracy": [
            null,
            null,
            null,
            null,
            0.4444444444444444,
            0.5,
            0.8478260869565217,
            0.9642857142857143,
            0.9354838709677419,
            1.0
          ]
        }
      }
    },
    "subject": {
      "n_samples": 15,
      "metrics": {
        "accuracy": 0.7333333333333333,
        "balanced_acc": 0.8222222222218107,
        "macro_f1": 0.8055555555546611
      },
      "confusion_matrix": {
        "raw": [
          [
            6,
            3,
            0
          ],
          [
            1,
            4,
            0
          ],
          [
            0,
            0,
            1
          ]
        ],
        "normalized": [
          [
            0.6666666666666666,
            0.3333333333333333,
            0.0
          ],
          [
            0.2,
            0.8,
            0.0
          ],
          [
            0.0,
            0.0,
            1.0
          ]
        ]
      },
      "distribution": {
        "y_true": {
          "mauvais": 9,
          "moyen": 5,
          "excellent": 1
        },
        "y_pred": {
          "mauvais": 7,
          "moyen": 7,
          "excellent": 1
        }
      },
      "confidence": {
        "mean_max_prob": 0.6967929601669312,
        "brier": 0.28559394256039533,
        "histogram": {
          "bins": [
            0.0,
            0.1,
            0.2,
            0.30000000000000004,
            0.4,
            0.5,
            0.6000000000000001,
            0.7000000000000001,
            0.8,
            0.9,
            1.0
          ],
          "counts": [
            0,
            0,
            0,
            0,
            2,
            4,
            2,
            3,
            1,
            3
          ],
          "accuracy": [
            null,
            null,
            null,
            null,
            0.5,
            0.25,
            1.0,
            1.0,
            1.0,
            1.0
          ]
        }
      }
    }
  }
}