{
  "stage": "test",
  "labels": [
    "mauvais",
    "moyen",
    "excellent"
  ],
  "aggregations": {
    "record": "mean_logit",
    "subject": "mean_prob"
  },
  "levels": {
    "window": {
      "n_samples": 18455,
      "metrics": {
        "accuracy": 0.8248171227309672,
        "balanced_acc": 0.8226138547317685,
        "macro_f1": 0.8245560884889152
      },
      "confusion_matrix": {
        "raw": [
          [
            5927,
            742,
            24
          ],
          [
            630,
            5071,
            780
          ],
          [
            9,
            1048,
            4224
          ]
        ],
        "normalized": [
          [
            0.8855520693261617,
            0.11086209472583296,
            0.003585835948005379
          ],
          [
            0.09720722110785372,
            0.7824409813300417,
            0.12035179756210461
          ],
          [
            0.0017042226850975193,
            0.19844726377580005,
            0.7998485135391025
          ]
        ]
      },
      "distribution": {
        "y_true": {
          "mauvais": 6693,
          "moyen": 6481,
          "excellent": 5281
        },
        "y_pred": {
          "mauvais": 6566,
          "moyen": 6861,
          "excellent": 5028
        }
      },
      "confidence": {
        "mean_max_prob": 0.8715014457702637,
        "brier": 0.2545980461805926,
        "histogram": {
          "bins": [
            0.0,
            0.1,
            0.2,
            0.30000000000000004,
            0.4,
            0.5,
            0.6000000000000001,
            0.7000000000000001,
            0.8,
            0.9,
            1.0
          ],
          "counts": [
            0,
            0,
            0,
            1,
            85,
            1113,
            1262,
            1633,
            2909,
            11452
          ],
          "accuracy": [
            null,
            null,
            null,
            0.0,
            0.5882352941176471,
            0.5139263252470799,
            0.5618066561014263,
            0.6307409675443968,
            0.7408044001375043,
            0.9348585399930143
          ]
        }
      }
    },
    "record": {
      "n_samples": 308,
      "metrics": {
        "accuracy": 0.8668831168831169,
        "balanced_acc": 0.8704634766527882,
        "macro_f1": 0.866638406826679
      },
      "confusion_matrix": {
        "raw": [
          [
            97,
            6,
            0
          ],
          [
            10,
            104,
            14
          ],
          [
            0,
            11,
            66
          ]
        ],
        "normalized": [
          [
            0.941747572815534,
            0.05825242718446602,
            0.0
          ],
          [
            0.078125,
            0.8125,
            0.109375
          ],
          [
            0.0,
            0.14285714285714285,
            0.8571428571428571
          ]
        ]
      },
      "distribution": {
        "y_true": {
          "mauvais": 103,
          "moyen": 128,
          "excellent": 77
        },
        "y_pred": {
          "mauvais": 107,
          "moyen": 121,
          "excellent": 80
        }
      },
      "confidence": {
        "mean_max_prob": 0.7715052366256714,
        "brier": 0.21412654185089858,
        "histogram": {
          "bins": [
            0.0,
            0.1,
            0.2,
            0.30000000000000004,
            0.4,
            0.5,
            0.6000000000000001,
            0.7000000000000001,
            0.8,
            0.9,
            1.0
          ],
          "counts": [
            0,
            0,
            0,
            0,
            10,
            56,
            41,
            58,
            41,
            102
          ],
          "accuracy": [
            null,
            null,
            null,
            null,
            0.7,
            0.6071428571428571,
            0.8536585365853658,
            0.896551724137931,
            0.9512195121951219,
            0.9901960784313726
          ]
        }
      }
    },
    "subject": {
      "n_samples": 22,
      "metrics": {
        "accuracy": 0.9090909090909091,
        "balanced_acc": 0.899999999999869,
        "macro_f1": 0.899999999999369
      },
      "confusion_matrix": {
        "raw": [
          [
            7,
            0,
            0
          ],
          [
            0,
            9,
            1
          ],
          [
            0,
            1,
            4
          ]
        ],
        "normalized": [
          [
            1.0,
            0.0,
            0.0
          ],
          [
            0.0,
            0.9,
            0.1
          ],
          [
            0.0,
            0.2,
            0.8
          ]
        ]
      },
      "distribution": {
        "y_true": {
          "mauvais": 7,
          "moyen": 10,
          "excellent": 5
        },
        "y_pred": {
          "mauvais": 7,
          "moyen": 10,
          "excellent": 5
        }
      },
      "confidence": {
        "mean_max_prob": 0.7303197979927063,
        "brier": 0.20002142349168858,
        "histogram": {
          "bins": [
            0.0,
            0.1,
            0.2,
            0.30000000000000004,
            0.4,
            0.5,
            0.6000000000000001,
            0.7000000000000001,
            0.8,
            0.9,
            1.0
          ],
          "counts": [
            0,
            0,
            0,
            0,
            2,
            5,
            4,
            2,
            3,
            6
          ],
          "accuracy": [
            null,
            null,
            null,
            null,
            0.5,
            0.8,
            1.0,
            1.0,
            1.0,
            1.0
          ]
        }
      }
    }
  },
  "baseline_comparison": [
    {
      "model": "csp_lda",
      "record_macro_f1": 0.4533365376912601,
      "record_balanced_acc": 0.5601212711818526,
      "record_level_agg": "mean_prob",
      "run_id": "f0583879cc6c4e50aba0e1213f3adf4e"
    },
    {
      "model": "simple_cnn",
      "record_macro_f1": 0.738467532373584,
      "record_balanced_acc": 0.7299789638591002,
      "record_level_agg": "mean_prob",
      "run_id": "6a8947fea9194b6a968ea546f5d98923"
    },
    {
      "model": "shallowconv",
      "record_macro_f1": 0.5467091993335088,
      "record_balanced_acc": 0.5604353744681827,
      "record_level_agg": "mean_prob",
      "run_id": "4626adced88745f5a19316a153760cca"
    },
    {
      "model": "eegnet",
      "record_macro_f1": 0.7106677597596388,
      "record_balanced_acc": 0.7065421764138673,
      "record_level_agg": "mean_prob",
      "run_id": "966066102d2c483887c7eea5c42eeb78"
    }
  ]
}