{
  "balanced_acc_record": 0.8723756074905396,
  "epoch": 73.0,
  "lr-Adam/pg1": 5.592354622896944e-05,
  "lr-Adam/pg2": 5.592354622896944e-05,
  "multi_alpha": 0.009986499324440956,
  "multi_test_acc": 0.8163762092590332,
  "multi_test_acc_cm": 0.8163762092590332,
  "multi_test_balanced_acc": 0.8239574432373047,
  "multi_test_balanced_acc_record": 0.8723756074905396,
  "multi_test_balanced_acc_subject": 0.9583333134651184,
  "multi_test_bce_loss": 0.0,
  "multi_test_bce_loss_raw": 0.0,
  "multi_test_ce_loss": 0.6124020218849182,
  "multi_test_f1_c0": 0.8870469927787781,
  "multi_test_f1_c1": 0.7603838443756104,
  "multi_test_f1_c2": 0.8249760866165161,
  "multi_test_f1_macro": 0.8241356611251831,
  "multi_test_f1_macro_record": 0.8743388056755066,
  "multi_test_f1_macro_subject": 0.952136754989624,
  "multi_test_loss": 0.6124020218849182,
  "multi_test_precision_c0": 0.9089720845222473,
  "multi_test_precision_c1": 0.687783420085907,
  "multi_test_precision_c2": 0.9083833694458008,
  "multi_test_recall_c0": 0.8661547303199768,
  "multi_test_recall_c1": 0.8501200675964355,
  "multi_test_recall_c2": 0.7555975317955017,
  "multi_train_bce_loss": 0.0,
  "multi_train_bce_loss_raw": 0.0,
  "multi_train_ce_loss": 0.4423034191131592,
  "multi_train_loss": 0.4423034191131592,
  "multi_val_acc": 0.8057143688201904,
  "multi_val_acc_cm": 0.8057143688201904,
  "multi_val_balanced_acc": 0.7833262085914612,
  "multi_val_balanced_acc_record": 0.8063095808029175,
  "multi_val_balanced_acc_subject": 1.0,
  "multi_val_bce_loss": 0.0,
  "multi_val_bce_loss_raw": 0.0,
  "multi_val_ce_loss": 0.6949893832206726,
  "multi_val_f1_c0": 0.8897587656974792,
  "multi_val_f1_c1": 0.776888370513916,
  "multi_val_f1_c2": 0.7071121335029602,
  "multi_val_f1_macro": 0.7912530899047852,
  "multi_val_f1_macro_record": 0.819198727607727,
  "multi_val_f1_macro_subject": 1.0,
  "multi_val_loss": 0.6949893832206726,
  "multi_val_precision_c0": 0.8965885043144226,
  "multi_val_precision_c1": 0.7463319897651672,
  "multi_val_precision_c2": 0.7656458020210266,
  "multi_val_recall_c0": 0.8830323219299316,
  "multi_val_recall_c1": 0.8100537061691284,
  "multi_val_recall_c2": 0.6568925976753235
}