{
  "stage": "val",
  "labels": [
    "mauvais",
    "moyen",
    "excellent"
  ],
  "aggregations": {
    "record": "mean_logit",
    "subject": "mean_prob"
  },
  "levels": {
    "window": {
      "n_samples": 12600,
      "metrics": {
        "accuracy": 0.8057142857142857,
        "balanced_acc": 0.7833262246236515,
        "macro_f1": 0.791253097514491
      },
      "confusion_matrix": {
        "raw": [
          [
            4205,
            541,
            16
          ],
          [
            478,
            4222,
            512
          ],
          [
            7,
            894,
            1725
          ]
        ],
        "normalized": [
          [
            0.8830323393532129,
            0.1136077278454431,
            0.0033599328013439733
          ],
          [
            0.09171143514965464,
            0.8100537221795856,
            0.09823484267075978
          ],
          [
            0.0026656511805026656,
            0.34044173648134046,
            0.6568926123381569
          ]
        ]
      },
      "distribution": {
        "y_true": {
          "mauvais": 4762,
          "moyen": 5212,
          "excellent": 2626
        },
        "y_pred": {
          "mauvais": 4690,
          "moyen": 5657,
          "excellent": 2253
        }
      },
      "confidence": {
        "mean_max_prob": 0.8689138293266296,
        "brier": 0.29039886409805754,
        "histogram": {
          "bins": [
            0.0,
            0.1,
            0.2,
            0.30000000000000004,
            0.4,
            0.5,
            0.6000000000000001,
            0.7000000000000001,
            0.8,
            0.9,
            1.0
          ],
          "counts": [
            0,
            0,
            0,
            1,
            72,
            773,
            834,
            1244,
            2119,
            7557
          ],
          "accuracy": [
            null,
            null,
            null,
            1.0,
            0.5555555555555556,
            0.5407503234152652,
            0.5695443645083933,
            0.659967845659164,
            0.7215667767815007,
            0.9088262538044197
          ]
        }
      }
    },
    "record": {
      "n_samples": 210,
      "metrics": {
        "accuracy": 0.8476190476190476,
        "balanced_acc": 0.8063095557857715,
        "macro_f1": 0.81919879062685
      },
      "confusion_matrix": {
        "raw": [
          [
            67,
            6,
            0
          ],
          [
            7,
            89,
            6
          ],
          [
            0,
            13,
            22
          ]
        ],
        "normalized": [
          [
            0.9178082191780822,
            0.0821917808219178,
            0.0
          ],
          [
            0.06862745098039216,
            0.8725490196078431,
            0.058823529411764705
          ],
          [
            0.0,
            0.37142857142857144,
            0.6285714285714286
          ]
        ]
      },
      "distribution": {
        "y_true": {
          "mauvais": 73,
          "moyen": 102,
          "excellent": 35
        },
        "y_pred": {
          "mauvais": 74,
          "moyen": 108,
          "excellent": 28
        }
      },
      "confidence": {
        "mean_max_prob": 0.7529798150062561,
        "brier": 0.2561483587891258,
        "histogram": {
          "bins": [
            0.0,
            0.1,
            0.2,
            0.30000000000000004,
            0.4,
            0.5,
            0.6000000000000001,
            0.7000000000000001,
            0.8,
            0.9,
            1.0
          ],
          "counts": [
            0,
            0,
            0,
            0,
            10,
            39,
            32,
            40,
            35,
            54
          ],
          "accuracy": [
            null,
            null,
            null,
            null,
            0.6,
            0.717948717948718,
            0.8125,
            0.85,
            0.8285714285714286,
            1.0
          ]
        }
      }
    },
    "subject": {
      "n_samples": 15,
      "metrics": {
        "accuracy": 1.0,
        "balanced_acc": 0.999999999999725,
        "macro_f1": 0.999999999999225
      },
      "confusion_matrix": {
        "raw": [
          [
            5,
            0,
            0
          ],
          [
            0,
            8,
            0
          ],
          [
            0,
            0,
            2
          ]
        ],
        "normalized": [
          [
            1.0,
            0.0,
            0.0
          ],
          [
            0.0,
            1.0,
            0.0
          ],
          [
            0.0,
            0.0,
            1.0
          ]
        ]
      },
      "distribution": {
        "y_true": {
          "mauvais": 5,
          "moyen": 8,
          "excellent": 2
        },
        "y_pred": {
          "mauvais": 5,
          "moyen": 8,
          "excellent": 2
        }
      },
      "confidence": {
        "mean_max_prob": 0.7066494226455688,
        "brier": 0.18987260230992406,
        "histogram": {
          "bins": [
            0.0,
            0.1,
            0.2,
            0.30000000000000004,
            0.4,
            0.5,
            0.6000000000000001,
            0.7000000000000001,
            0.8,
            0.9,
            1.0
          ],
          "counts": [
            0,
            0,
            0,
            0,
            2,
            2,
            4,
            2,
            1,
            4
          ],
          "accuracy": [
            null,
            null,
            null,
            null,
            1.0,
            1.0,
            1.0,
            1.0,
            1.0,
            1.0
          ]
        }
      }
    }
  }
}