{
  "stage": "val",
  "labels": [
    "mauvais",
    "moyen",
    "excellent"
  ],
  "aggregations": {
    "record": "mean_logit",
    "subject": "mean_prob"
  },
  "levels": {
    "window": {
      "n_samples": 12600,
      "metrics": {
        "accuracy": 0.7946031746031746,
        "balanced_acc": 0.7836351559400203,
        "macro_f1": 0.7859683575455829
      },
      "confusion_matrix": {
        "raw": [
          [
            4039,
            706,
            17
          ],
          [
            429,
            4085,
            698
          ],
          [
            2,
            736,
            1888
          ]
        ],
        "normalized": [
          [
            0.8481730365392692,
            0.1482570348593028,
            0.0035699286014279717
          ],
          [
            0.08231005372217959,
            0.7837682271680737,
            0.13392171910974673
          ],
          [
            0.0007616146230007616,
            0.2802741812642803,
            0.718964204112719
          ]
        ]
      },
      "distribution": {
        "y_true": {
          "mauvais": 4762,
          "moyen": 5212,
          "excellent": 2626
        },
        "y_pred": {
          "mauvais": 4470,
          "moyen": 5527,
          "excellent": 2603
        }
      },
      "confidence": {
        "mean_max_prob": 0.8590830564498901,
        "brier": 0.29788196080227314,
        "histogram": {
          "bins": [
            0.0,
            0.1,
            0.2,
            0.30000000000000004,
            0.4,
            0.5,
            0.6000000000000001,
            0.7000000000000001,
            0.8,
            0.9,
            1.0
          ],
          "counts": [
            0,
            0,
            0,
            3,
            86,
            813,
            971,
            1285,
            2368,
            7074
          ],
          "accuracy": [
            null,
            null,
            null,
            0.3333333333333333,
            0.36046511627906974,
            0.48462484624846247,
            0.5911431513903193,
            0.6334630350194552,
            0.747043918918919,
            0.9088210347752332
          ]
        }
      }
    },
    "record": {
      "n_samples": 210,
      "metrics": {
        "accuracy": 0.8428571428571429,
        "balanced_acc": 0.8179143803640042,
        "macro_f1": 0.82575426958722
      },
      "confusion_matrix": {
        "raw": [
          [
            64,
            9,
            0
          ],
          [
            7,
            88,
            7
          ],
          [
            0,
            10,
            25
          ]
        ],
        "normalized": [
          [
            0.8767123287671232,
            0.1232876712328767,
            0.0
          ],
          [
            0.06862745098039216,
            0.8627450980392157,
            0.06862745098039216
          ],
          [
            0.0,
            0.2857142857142857,
            0.7142857142857143
          ]
        ]
      },
      "distribution": {
        "y_true": {
          "mauvais": 73,
          "moyen": 102,
          "excellent": 35
        },
        "y_pred": {
          "mauvais": 71,
          "moyen": 107,
          "excellent": 32
        }
      },
      "confidence": {
        "mean_max_prob": 0.7503143548965454,
        "brier": 0.26422970027372444,
        "histogram": {
          "bins": [
            0.0,
            0.1,
            0.2,
            0.30000000000000004,
            0.4,
            0.5,
            0.6000000000000001,
            0.7000000000000001,
            0.8,
            0.9,
            1.0
          ],
          "counts": [
            0,
            0,
            0,
            1,
            10,
            36,
            30,
            49,
            36,
            48
          ],
          "accuracy": [
            null,
            null,
            null,
            1.0,
            0.7,
            0.7222222222222222,
            0.7,
            0.8979591836734694,
            0.8333333333333334,
            1.0
          ]
        }
      }
    },
    "subject": {
      "n_samples": 15,
      "metrics": {
        "accuracy": 1.0,
        "balanced_acc": 0.999999999999725,
        "macro_f1": 0.999999999999225
      },
      "confusion_matrix": {
        "raw": [
          [
            5,
            0,
            0
          ],
          [
            0,
            8,
            0
          ],
          [
            0,
            0,
            2
          ]
        ],
        "normalized": [
          [
            1.0,
            0.0,
            0.0
          ],
          [
            0.0,
            1.0,
            0.0
          ],
          [
            0.0,
            0.0,
            1.0
          ]
        ]
      },
      "distribution": {
        "y_true": {
          "mauvais": 5,
          "moyen": 8,
          "excellent": 2
        },
        "y_pred": {
          "mauvais": 5,
          "moyen": 8,
          "excellent": 2
        }
      },
      "confidence": {
        "mean_max_prob": 0.7129132151603699,
        "brier": 0.17842297933553034,
        "histogram": {
          "bins": [
            0.0,
            0.1,
            0.2,
            0.30000000000000004,
            0.4,
            0.5,
            0.6000000000000001,
            0.7000000000000001,
            0.8,
            0.9,
            1.0
          ],
          "counts": [
            0,
            0,
            0,
            0,
            3,
            0,
            4,
            4,
            2,
            2
          ],
          "accuracy": [
            null,
            null,
            null,
            null,
            1.0,
            null,
            1.0,
            1.0,
            1.0,
            1.0
          ]
        }
      }
    }
  }
}