{
  "balanced_acc_record": 0.8505128026008606,
  "epoch": 64.0,
  "lr-Adam/pg1": 9.432041266226686e-05,
  "lr-Adam/pg2": 9.432041266226686e-05,
  "multi_alpha": 0.009966821409761906,
  "multi_test_acc": 0.8047618865966797,
  "multi_test_acc_cm": 0.8047618865966797,
  "multi_test_balanced_acc": 0.8037882447242737,
  "multi_test_balanced_acc_record": 0.8505128026008606,
  "multi_test_balanced_acc_subject": 0.8306878209114075,
  "multi_test_bce_loss": 0.0,
  "multi_test_bce_loss_raw": 0.0,
  "multi_test_ce_loss": 0.705833911895752,
  "multi_test_f1_c0": 0.883084237575531,
  "multi_test_f1_c1": 0.7101700901985168,
  "multi_test_f1_c2": 0.801440954208374,
  "multi_test_f1_macro": 0.7982317805290222,
  "multi_test_f1_macro_record": 0.8393640518188477,
  "multi_test_f1_macro_subject": 0.8156353235244751,
  "multi_test_loss": 0.705833911895752,
  "multi_test_precision_c0": 0.9104262590408325,
  "multi_test_precision_c1": 0.7178947329521179,
  "multi_test_precision_c2": 0.7570056319236755,
  "multi_test_recall_c0": 0.8573365807533264,
  "multi_test_recall_c1": 0.7026098966598511,
  "multi_test_recall_c2": 0.8514182567596436,
  "multi_train_bce_loss": 0.0,
  "multi_train_bce_loss_raw": 0.0,
  "multi_train_ce_loss": 0.47877272963523865,
  "multi_train_loss": 0.47877272963523865,
  "multi_val_acc": 0.8827293515205383,
  "multi_val_acc_cm": 0.8827293515205383,
  "multi_val_balanced_acc": 0.8650931119918823,
  "multi_val_balanced_acc_record": 0.9061043858528137,
  "multi_val_balanced_acc_subject": 0.9696969985961914,
  "multi_val_bce_loss": 0.0,
  "multi_val_bce_loss_raw": 0.0,
  "multi_val_ce_loss": 0.48625448346138,
  "multi_val_f1_c0": 0.9416645169258118,
  "multi_val_f1_c1": 0.7153831720352173,
  "multi_val_f1_c2": 0.8775753378868103,
  "multi_val_f1_macro": 0.844874382019043,
  "multi_val_f1_macro_record": 0.8861393928527832,
  "multi_val_f1_macro_subject": 0.8730158805847168,
  "multi_val_loss": 0.48625448346138,
  "multi_val_precision_c0": 0.9824211001396179,
  "multi_val_precision_c1": 0.6769503355026245,
  "multi_val_precision_c2": 0.8286173939704895,
  "multi_val_recall_c0": 0.904154896736145,
  "multi_val_recall_c1": 0.7584425806999207,
  "multi_val_recall_c2": 0.9326818585395813
}