{
  "stage": "test",
  "labels": [
    "mauvais",
    "moyen",
    "excellent"
  ],
  "aggregations": {
    "record": "mean_logit",
    "subject": "mean_prob"
  },
  "levels": {
    "window": {
      "n_samples": 17640,
      "metrics": {
        "accuracy": 0.8047619047619048,
        "balanced_acc": 0.8037882527252843,
        "macro_f1": 0.7982317642440231
      },
      "confusion_matrix": {
        "raw": [
          [
            6322,
            955,
            97
          ],
          [
            615,
            4092,
            1117
          ],
          [
            7,
            653,
            3782
          ]
        ],
        "normalized": [
          [
            0.8573365880119338,
            0.1295090859777597,
            0.013154326010306482
          ],
          [
            0.10559752747252747,
            0.7026098901098901,
            0.19179258241758243
          ],
          [
            0.0015758667266996848,
            0.1470058532192706,
            0.8514182800540298
          ]
        ]
      },
      "distribution": {
        "y_true": {
          "mauvais": 7374,
          "moyen": 5824,
          "excellent": 4442
        },
        "y_pred": {
          "mauvais": 6944,
          "moyen": 5700,
          "excellent": 4996
        }
      },
      "confidence": {
        "mean_max_prob": 0.8670729994773865,
        "brier": 0.2835313709957541,
        "histogram": {
          "bins": [
            0.0,
            0.1,
            0.2,
            0.30000000000000004,
            0.4,
            0.5,
            0.6000000000000001,
            0.7000000000000001,
            0.8,
            0.9,
            1.0
          ],
          "counts": [
            0,
            0,
            0,
            10,
            126,
            1141,
            1259,
            1612,
            2722,
            10770
          ],
          "accuracy": [
            null,
            null,
            null,
            0.5,
            0.47619047619047616,
            0.5004382120946538,
            0.5480540111199365,
            0.6153846153846154,
            0.7226304188096988,
            0.9202414113277623
          ]
        }
      }
    },
    "record": {
      "n_samples": 294,
      "metrics": {
        "accuracy": 0.8401360544217688,
        "balanced_acc": 0.8505128205128111,
        "macro_f1": 0.8393640533683938
      },
      "confusion_matrix": {
        "raw": [
          [
            105,
            19,
            1
          ],
          [
            7,
            82,
            15
          ],
          [
            0,
            5,
            60
          ]
        ],
        "normalized": [
          [
            0.84,
            0.152,
            0.008
          ],
          [
            0.0673076923076923,
            0.7884615384615384,
            0.14423076923076922
          ],
          [
            0.0,
            0.07692307692307693,
            0.9230769230769231
          ]
        ]
      },
      "distribution": {
        "y_true": {
          "mauvais": 125,
          "moyen": 104,
          "excellent": 65
        },
        "y_pred": {
          "mauvais": 112,
          "moyen": 106,
          "excellent": 76
        }
      },
      "confidence": {
        "mean_max_prob": 0.7383449673652649,
        "brier": 0.22903504481580983,
        "histogram": {
          "bins": [
            0.0,
            0.1,
            0.2,
            0.30000000000000004,
            0.4,
            0.5,
            0.6000000000000001,
            0.7000000000000001,
            0.8,
            0.9,
            1.0
          ],
          "counts": [
            0,
            0,
            0,
            1,
            34,
            49,
            47,
            37,
            50,
            76
          ],
          "accuracy": [
            null,
            null,
            null,
            0.0,
            0.6176470588235294,
            0.5510204081632653,
            0.9361702127659575,
            0.918918918918919,
            0.96,
            1.0
          ]
        }
      }
    },
    "subject": {
      "n_samples": 21,
      "metrics": {
        "accuracy": 0.8095238095238095,
        "balanced_acc": 0.8306878306877011,
        "macro_f1": 0.8156353450464903
      },
      "confusion_matrix": {
        "raw": [
          [
            7,
            2,
            0
          ],
          [
            1,
            5,
            1
          ],
          [
            0,
            0,
            5
          ]
        ],
        "normalized": [
          [
            0.7777777777777778,
            0.2222222222222222,
            0.0
          ],
          [
            0.14285714285714285,
            0.7142857142857143,
            0.14285714285714285
          ],
          [
            0.0,
            0.0,
            1.0
          ]
        ]
      },
      "distribution": {
        "y_true": {
          "mauvais": 9,
          "moyen": 7,
          "excellent": 5
        },
        "y_pred": {
          "mauvais": 8,
          "moyen": 7,
          "excellent": 6
        }
      },
      "confidence": {
        "mean_max_prob": 0.6787167191505432,
        "brier": 0.24201400925479993,
        "histogram": {
          "bins": [
            0.0,
            0.1,
            0.2,
            0.30000000000000004,
            0.4,
            0.5,
            0.6000000000000001,
            0.7000000000000001,
            0.8,
            0.9,
            1.0
          ],
          "counts": [
            0,
            0,
            0,
            0,
            5,
            4,
            3,
            2,
            3,
            4
          ],
          "accuracy": [
            null,
            null,
            null,
            null,
            0.2,
            1.0,
            1.0,
            1.0,
            1.0,
            1.0
          ]
        }
      }
    }
  },
  "baseline_comparison": [
    {
      "model": "csp_lda",
      "record_macro_f1": 0.28719968771070653,
      "record_balanced_acc": 0.35714285714285715,
      "record_level_agg": "mean_prob",
      "run_id": "6f1914a011454774be1696ca7a90b7e9"
    },
    {
      "model": "simple_cnn",
      "record_macro_f1": 0.6915443745632425,
      "record_balanced_acc": 0.683020683020683,
      "record_level_agg": "mean_prob",
      "run_id": "0ee8b1157d384de6acda40c80622ad12"
    },
    {
      "model": "shallowconv",
      "record_macro_f1": 0.4404845096668996,
      "record_balanced_acc": 0.4654641654641655,
      "record_level_agg": "mean_prob",
      "run_id": "e1479e60234643a9b78582dd6b8edbd8"
    },
    {
      "model": "eegnet",
      "record_macro_f1": 0.6308994780601526,
      "record_balanced_acc": 0.6244829244829245,
      "record_level_agg": "mean_prob",
      "run_id": "ffda0cf072644e61a6767f9b2d1a2249"
    }
  ]
}