{
  "stage": "val",
  "labels": [
    "mauvais",
    "moyen",
    "excellent"
  ],
  "aggregations": {
    "record": "mean_logit",
    "subject": "mean_prob"
  },
  "levels": {
    "window": {
      "n_samples": 12600,
      "metrics": {
        "accuracy": 0.7847619047619048,
        "balanced_acc": 0.7384306722250091,
        "macro_f1": 0.7519942590776348
      },
      "confusion_matrix": {
        "raw": [
          [
            3928,
            371,
            14
          ],
          [
            641,
            4717,
            224
          ],
          [
            0,
            1462,
            1243
          ]
        ],
        "normalized": [
          [
            0.9107349872478553,
            0.08601901228843033,
            0.003246000463714352
          ],
          [
            0.11483339304908635,
            0.8450376209243998,
            0.0401289860265138
          ],
          [
            0.0,
            0.5404805914972274,
            0.4595194085027726
          ]
        ]
      },
      "distribution": {
        "y_true": {
          "mauvais": 4313,
          "moyen": 5582,
          "excellent": 2705
        },
        "y_pred": {
          "mauvais": 4569,
          "moyen": 6550,
          "excellent": 1481
        }
      },
      "confidence": {
        "mean_max_prob": 0.8422343730926514,
        "brier": 0.3201128182106325,
        "histogram": {
          "bins": [
            0.0,
            0.1,
            0.2,
            0.30000000000000004,
            0.4,
            0.5,
            0.6000000000000001,
            0.7000000000000001,
            0.8,
            0.9,
            1.0
          ],
          "counts": [
            0,
            0,
            0,
            2,
            83,
            1023,
            1183,
            1482,
            2594,
            6233
          ],
          "accuracy": [
            null,
            null,
            null,
            0.5,
            0.4819277108433735,
            0.5630498533724341,
            0.6077768385460693,
            0.703778677462888,
            0.7594448727833462,
            0.8886571474410396
          ]
        }
      }
    },
    "record": {
      "n_samples": 210,
      "metrics": {
        "accuracy": 0.8285714285714286,
        "balanced_acc": 0.7514035913118368,
        "macro_f1": 0.7715230085860605
      },
      "confusion_matrix": {
        "raw": [
          [
            61,
            4,
            0
          ],
          [
            9,
            98,
            2
          ],
          [
            0,
            21,
            15
          ]
        ],
        "normalized": [
          [
            0.9384615384615385,
            0.06153846153846154,
            0.0
          ],
          [
            0.08256880733944955,
            0.8990825688073395,
            0.01834862385321101
          ],
          [
            0.0,
            0.5833333333333334,
            0.4166666666666667
          ]
        ]
      },
      "distribution": {
        "y_true": {
          "mauvais": 65,
          "moyen": 109,
          "excellent": 36
        },
        "y_pred": {
          "mauvais": 70,
          "moyen": 123,
          "excellent": 17
        }
      },
      "confidence": {
        "mean_max_prob": 0.7686133980751038,
        "brier": 0.28037589301983107,
        "histogram": {
          "bins": [
            0.0,
            0.1,
            0.2,
            0.30000000000000004,
            0.4,
            0.5,
            0.6000000000000001,
            0.7000000000000001,
            0.8,
            0.9,
            1.0
          ],
          "counts": [
            0,
            0,
            0,
            0,
            3,
            31,
            37,
            50,
            40,
            49
          ],
          "accuracy": [
            null,
            null,
            null,
            null,
            0.6666666666666666,
            0.7419354838709677,
            0.7567567567567568,
            0.9,
            0.775,
            0.9591836734693877
          ]
        }
      }
    },
    "subject": {
      "n_samples": 15,
      "metrics": {
        "accuracy": 0.9333333333333333,
        "balanced_acc": 0.8333333333331296,
        "macro_f1": 0.8713450292390202
      },
      "confusion_matrix": {
        "raw": [
          [
            4,
            0,
            0
          ],
          [
            0,
            9,
            0
          ],
          [
            0,
            1,
            1
          ]
        ],
        "normalized": [
          [
            1.0,
            0.0,
            0.0
          ],
          [
            0.0,
            1.0,
            0.0
          ],
          [
            0.0,
            0.5,
            0.5
          ]
        ]
      },
      "distribution": {
        "y_true": {
          "mauvais": 4,
          "moyen": 9,
          "excellent": 2
        },
        "y_pred": {
          "mauvais": 4,
          "moyen": 10,
          "excellent": 1
        }
      },
      "confidence": {
        "mean_max_prob": 0.7391844391822815,
        "brier": 0.2524158524995179,
        "histogram": {
          "bins": [
            0.0,
            0.1,
            0.2,
            0.30000000000000004,
            0.4,
            0.5,
            0.6000000000000001,
            0.7000000000000001,
            0.8,
            0.9,
            1.0
          ],
          "counts": [
            0,
            0,
            0,
            0,
            0,
            3,
            4,
            2,
            4,
            2
          ],
          "accuracy": [
            null,
            null,
            null,
            null,
            null,
            1.0,
            1.0,
            1.0,
            0.75,
            1.0
          ]
        }
      }
    }
  }
}