{
  "stage": "test",
  "labels": [
    "mauvais",
    "moyen",
    "excellent"
  ],
  "aggregations": {
    "record": "mean_logit",
    "subject": "mean_prob"
  },
  "levels": {
    "window": {
      "n_samples": 18479,
      "metrics": {
        "accuracy": 0.7427891119649331,
        "balanced_acc": 0.7751007067222856,
        "macro_f1": 0.7644866639184906
      },
      "confusion_matrix": {
        "raw": [
          [
            2424,
            302,
            3
          ],
          [
            511,
            6536,
            765
          ],
          [
            32,
            3140,
            4766
          ]
        ],
        "normalized": [
          [
            0.8882374496152436,
            0.11066324661048003,
            0.0010993037742762918
          ],
          [
            0.06541218637992832,
            0.8366615463389657,
            0.097926267281106
          ],
          [
            0.004031242126480222,
            0.3955656336608718,
            0.6004031242126481
          ]
        ]
      },
      "distribution": {
        "y_true": {
          "mauvais": 2729,
          "moyen": 7812,
          "excellent": 7938
        },
        "y_pred": {
          "mauvais": 2967,
          "moyen": 9978,
          "excellent": 5534
        }
      },
      "confidence": {
        "mean_max_prob": 0.8329541683197021,
        "brier": 0.37241849601398497,
        "histogram": {
          "bins": [
            0.0,
            0.1,
            0.2,
            0.30000000000000004,
            0.4,
            0.5,
            0.6000000000000001,
            0.7000000000000001,
            0.8,
            0.9,
            1.0
          ],
          "counts": [
            0,
            0,
            0,
            0,
            103,
            1728,
            1836,
            2313,
            3969,
            8530
          ],
          "accuracy": [
            null,
            null,
            null,
            null,
            0.5145631067961165,
            0.4947916666666667,
            0.5806100217864923,
            0.6498054474708171,
            0.7082388510959939,
            0.8719812426729191
          ]
        }
      }
    },
    "record": {
      "n_samples": 308,
      "metrics": {
        "accuracy": 0.7564935064935064,
        "balanced_acc": 0.7687706894279337,
        "macro_f1": 0.7762116183163782
      },
      "confusion_matrix": {
        "raw": [
          [
            32,
            6,
            0
          ],
          [
            4,
            129,
            13
          ],
          [
            0,
            52,
            72
          ]
        ],
        "normalized": [
          [
            0.8421052631578947,
            0.15789473684210525,
            0.0
          ],
          [
            0.0273972602739726,
            0.8835616438356164,
            0.08904109589041095
          ],
          [
            0.0,
            0.41935483870967744,
            0.5806451612903226
          ]
        ]
      },
      "distribution": {
        "y_true": {
          "mauvais": 38,
          "moyen": 146,
          "excellent": 124
        },
        "y_pred": {
          "mauvais": 36,
          "moyen": 187,
          "excellent": 85
        }
      },
      "confidence": {
        "mean_max_prob": 0.7560822367668152,
        "brier": 0.33687618621440285,
        "histogram": {
          "bins": [
            0.0,
            0.1,
            0.2,
            0.30000000000000004,
            0.4,
            0.5,
            0.6000000000000001,
            0.7000000000000001,
            0.8,
            0.9,
            1.0
          ],
          "counts": [
            0,
            0,
            0,
            0,
            10,
            49,
            48,
            64,
            79,
            58
          ],
          "accuracy": [
            null,
            null,
            null,
            null,
            0.6,
            0.5714285714285714,
            0.5625,
            0.765625,
            0.8607594936708861,
            0.9827586206896551
          ]
        }
      }
    },
    "subject": {
      "n_samples": 22,
      "metrics": {
        "accuracy": 0.7272727272727273,
        "balanced_acc": 0.7999999999997867,
        "macro_f1": 0.7916666666659681
      },
      "confusion_matrix": {
        "raw": [
          [
            2,
            0,
            0
          ],
          [
            0,
            9,
            1
          ],
          [
            0,
            5,
            5
          ]
        ],
        "normalized": [
          [
            1.0,
            0.0,
            0.0
          ],
          [
            0.0,
            0.9,
            0.1
          ],
          [
            0.0,
            0.5,
            0.5
          ]
        ]
      },
      "distribution": {
        "y_true": {
          "mauvais": 2,
          "moyen": 10,
          "excellent": 10
        },
        "y_pred": {
          "mauvais": 2,
          "moyen": 14,
          "excellent": 6
        }
      },
      "confidence": {
        "mean_max_prob": 0.7194583415985107,
        "brier": 0.3842234229604522,
        "histogram": {
          "bins": [
            0.0,
            0.1,
            0.2,
            0.30000000000000004,
            0.4,
            0.5,
            0.6000000000000001,
            0.7000000000000001,
            0.8,
            0.9,
            1.0
          ],
          "counts": [
            0,
            0,
            0,
            0,
            0,
            4,
            4,
            9,
            3,
            2
          ],
          "accuracy": [
            null,
            null,
            null,
            null,
            null,
            0.25,
            1.0,
            0.7777777777777778,
            0.6666666666666666,
            1.0
          ]
        }
      }
    }
  },
  "baseline_comparison": [
    {
      "model": "csp_lda",
      "record_macro_f1": 0.31770130454340983,
      "record_balanced_acc": 0.3958553791887125,
      "record_level_agg": "mean_prob",
      "run_id": "5bfb60b12c764c77a21b81536e46a5ee"
    },
    {
      "model": "simple_cnn",
      "record_macro_f1": 0.8225358509881344,
      "record_balanced_acc": 0.820695256660169,
      "record_level_agg": "mean_prob",
      "run_id": "3760acabd6134028bb3c4a85039b3a7f"
    },
    {
      "model": "shallowconv",
      "record_macro_f1": 0.5351897449842408,
      "record_balanced_acc": 0.5457904019307528,
      "record_level_agg": "mean_prob",
      "run_id": "e8049845c21448b5b3ec2a3db205682c"
    },
    {
      "model": "eegnet",
      "record_macro_f1": 0.7345202660493148,
      "record_balanced_acc": 0.7358163928339367,
      "record_level_agg": "mean_prob",
      "run_id": "5221df032cb644e08ce5e89cb8095f3a"
    }
  ]
}