{
  "balanced_acc_record": 0.8234515190124512,
  "epoch": 60.0,
  "lr-Adam/pg1": 0.00011317717692888012,
  "lr-Adam/pg2": 0.00011317717692888012,
  "multi_alpha": 0.009950547479093075,
  "multi_test_acc": 0.7978135943412781,
  "multi_test_acc_cm": 0.7978135943412781,
  "multi_test_balanced_acc": 0.8018010258674622,
  "multi_test_balanced_acc_record": 0.8234515190124512,
  "multi_test_balanced_acc_subject": 0.9444444179534912,
  "multi_test_bce_loss": 0.0,
  "multi_test_bce_loss_raw": 0.0,
  "multi_test_ce_loss": 0.6355423331260681,
  "multi_test_f1_c0": 0.8679661154747009,
  "multi_test_f1_c1": 0.7386436462402344,
  "multi_test_f1_c2": 0.8117239475250244,
  "multi_test_f1_macro": 0.806111216545105,
  "multi_test_f1_macro_record": 0.8303959965705872,
  "multi_test_f1_macro_subject": 0.9500890970230103,
  "multi_test_loss": 0.6355423331260681,
  "multi_test_precision_c0": 0.9246833324432373,
  "multi_test_precision_c1": 0.665852427482605,
  "multi_test_precision_c2": 0.8732525706291199,
  "multi_test_recall_c0": 0.8178045153617859,
  "multi_test_recall_c1": 0.8293034434318542,
  "multi_test_recall_c2": 0.7582951188087463,
  "multi_train_bce_loss": 0.0,
  "multi_train_bce_loss_raw": 0.0,
  "multi_train_ce_loss": 0.47297075390815735,
  "multi_train_loss": 0.47297075390815735,
  "multi_val_acc": 0.794603168964386,
  "multi_val_acc_cm": 0.794603168964386,
  "multi_val_balanced_acc": 0.783635139465332,
  "multi_val_balanced_acc_record": 0.8179144263267517,
  "multi_val_balanced_acc_subject": 1.0,
  "multi_val_bce_loss": 0.0,
  "multi_val_bce_loss_raw": 0.0,
  "multi_val_ce_loss": 0.705945611000061,
  "multi_val_f1_c0": 0.875,
  "multi_val_f1_c1": 0.760778546333313,
  "multi_val_f1_c2": 0.7221266031265259,
  "multi_val_f1_macro": 0.7859683632850647,
  "multi_val_f1_macro_record": 0.8257542848587036,
  "multi_val_f1_macro_subject": 1.0,
  "multi_val_loss": 0.705945611000061,
  "multi_val_precision_c0": 0.9035794138908386,
  "multi_val_precision_c1": 0.7390989661216736,
  "multi_val_precision_c2": 0.7253169417381287,
  "multi_val_recall_c0": 0.8481730222702026,
  "multi_val_recall_c1": 0.7837682366371155,
  "multi_val_recall_c2": 0.7189642190933228
}