{
  "stage": "test",
  "labels": [
    "mauvais",
    "moyen",
    "excellent"
  ],
  "aggregations": {
    "record": "mean_logit",
    "subject": "mean_prob"
  },
  "levels": {
    "window": {
      "n_samples": 18478,
      "metrics": {
        "accuracy": 0.7978136161922286,
        "balanced_acc": 0.8018010279532938,
        "macro_f1": 0.8061112262199593
      },
      "confusion_matrix": {
        "raw": [
          [
            3941,
            870,
            8
          ],
          [
            258,
            5179,
            808
          ],
          [
            63,
            1729,
            5622
          ]
        ],
        "normalized": [
          [
            0.8178045237601163,
            0.1805353807843951,
            0.0016600954554886907
          ],
          [
            0.04131305044035228,
            0.8293034427542033,
            0.12938350680544436
          ],
          [
            0.00849743728082007,
            0.23320744537361748,
            0.7582951173455624
          ]
        ]
      },
      "distribution": {
        "y_true": {
          "mauvais": 4819,
          "moyen": 6245,
          "excellent": 7414
        },
        "y_pred": {
          "mauvais": 4262,
          "moyen": 7778,
          "excellent": 6438
        }
      },
      "confidence": {
        "mean_max_prob": 0.8405562043190002,
        "brier": 0.2822271633660302,
        "histogram": {
          "bins": [
            0.0,
            0.1,
            0.2,
            0.30000000000000004,
            0.4,
            0.5,
            0.6000000000000001,
            0.7000000000000001,
            0.8,
            0.9,
            1.0
          ],
          "counts": [
            0,
            0,
            0,
            1,
            138,
            1503,
            1698,
            2296,
            3754,
            9088
          ],
          "accuracy": [
            null,
            null,
            null,
            0.0,
            0.5144927536231884,
            0.4930139720558882,
            0.5736160188457008,
            0.6637630662020906,
            0.7682472029834843,
            0.940580985915493
          ]
        }
      }
    },
    "record": {
      "n_samples": 308,
      "metrics": {
        "accuracy": 0.8181818181818182,
        "balanced_acc": 0.8234515014175948,
        "macro_f1": 0.830396012829771
      },
      "confusion_matrix": {
        "raw": [
          [
            67,
            11,
            0
          ],
          [
            2,
            96,
            14
          ],
          [
            0,
            29,
            89
          ]
        ],
        "normalized": [
          [
            0.8589743589743589,
            0.14102564102564102,
            0.0
          ],
          [
            0.017857142857142856,
            0.8571428571428571,
            0.125
          ],
          [
            0.0,
            0.2457627118644068,
            0.7542372881355932
          ]
        ]
      },
      "distribution": {
        "y_true": {
          "mauvais": 78,
          "moyen": 112,
          "excellent": 118
        },
        "y_pred": {
          "mauvais": 69,
          "moyen": 136,
          "excellent": 103
        }
      },
      "confidence": {
        "mean_max_prob": 0.704039454460144,
        "brier": 0.2616496730051212,
        "histogram": {
          "bins": [
            0.0,
            0.1,
            0.2,
            0.30000000000000004,
            0.4,
            0.5,
            0.6000000000000001,
            0.7000000000000001,
            0.8,
            0.9,
            1.0
          ],
          "counts": [
            0,
            0,
            0,
            0,
            18,
            71,
            65,
            65,
            51,
            38
          ],
          "accuracy": [
            null,
            null,
            null,
            null,
            0.3333333333333333,
            0.6056338028169014,
            0.8461538461538461,
            0.9076923076923077,
            1.0,
            1.0
          ]
        }
      }
    },
    "subject": {
      "n_samples": 22,
      "metrics": {
        "accuracy": 0.9545454545454546,
        "balanced_acc": 0.9444444444443149,
        "macro_f1": 0.9500891265590831
      },
      "confusion_matrix": {
        "raw": [
          [
            5,
            1,
            0
          ],
          [
            0,
            8,
            0
          ],
          [
            0,
            0,
            8
          ]
        ],
        "normalized": [
          [
            0.8333333333333334,
            0.16666666666666666,
            0.0
          ],
          [
            0.0,
            1.0,
            0.0
          ],
          [
            0.0,
            0.0,
            1.0
          ]
        ]
      },
      "distribution": {
        "y_true": {
          "mauvais": 6,
          "moyen": 8,
          "excellent": 8
        },
        "y_pred": {
          "mauvais": 5,
          "moyen": 9,
          "excellent": 8
        }
      },
      "confidence": {
        "mean_max_prob": 0.637203574180603,
        "brier": 0.2696418141033146,
        "histogram": {
          "bins": [
            0.0,
            0.1,
            0.2,
            0.30000000000000004,
            0.4,
            0.5,
            0.6000000000000001,
            0.7000000000000001,
            0.8,
            0.9,
            1.0
          ],
          "counts": [
            0,
            0,
            0,
            0,
            5,
            6,
            3,
            5,
            2,
            1
          ],
          "accuracy": [
            null,
            null,
            null,
            null,
            0.8,
            1.0,
            1.0,
            1.0,
            1.0,
            1.0
          ]
        }
      }
    }
  },
  "baseline_comparison": [
    {
      "model": "csp_lda",
      "record_macro_f1": 0.4261715296198054,
      "record_balanced_acc": 0.5529100529100529,
      "record_level_agg": "mean_prob",
      "run_id": "776477513cca48d382a28616adc3e55c"
    },
    {
      "model": "simple_cnn",
      "record_macro_f1": 0.6903910611300849,
      "record_balanced_acc": 0.7247023809523809,
      "record_level_agg": "mean_prob",
      "run_id": "fcb80e4b809242e682890761443d3ddd"
    },
    {
      "model": "shallowconv",
      "record_macro_f1": 0.6312489822504478,
      "record_balanced_acc": 0.660218253968254,
      "record_level_agg": "mean_prob",
      "run_id": "5567977b22c44bbf96d7852ceda97f5f"
    },
    {
      "model": "eegnet",
      "record_macro_f1": 0.730961850527068,
      "record_balanced_acc": 0.7602513227513228,
      "record_level_agg": "mean_prob",
      "run_id": "ef0e17e4c7234f7fac3dd44b0b833317"
    }
  ]
}