{
  "stage": "test",
  "labels": [
    "mauvais",
    "moyen",
    "excellent"
  ],
  "aggregations": {
    "record": "mean_logit",
    "subject": "mean_prob"
  },
  "levels": {
    "window": {
      "n_samples": 18478,
      "metrics": {
        "accuracy": 0.8163762311938522,
        "balanced_acc": 0.8239574727289599,
        "macro_f1": 0.8241356620842512
      },
      "confusion_matrix": {
        "raw": [
          [
            4174,
            640,
            5
          ],
          [
            376,
            5309,
            560
          ],
          [
            42,
            1770,
            5602
          ]
        ],
        "normalized": [
          [
            0.8661548039012243,
            0.13280763643909524,
            0.0010375596596804316
          ],
          [
            0.06020816653322658,
            0.8501200960768615,
            0.08967173738991192
          ],
          [
            0.00566495818721338,
            0.23873752360399245,
            0.7555975182087942
          ]
        ]
      },
      "distribution": {
        "y_true": {
          "mauvais": 4819,
          "moyen": 6245,
          "excellent": 7414
        },
        "y_pred": {
          "mauvais": 4592,
          "moyen": 7719,
          "excellent": 6167
        }
      },
      "confidence": {
        "mean_max_prob": 0.8575606346130371,
        "brier": 0.26526709547186955,
        "histogram": {
          "bins": [
            0.0,
            0.1,
            0.2,
            0.30000000000000004,
            0.4,
            0.5,
            0.6000000000000001,
            0.7000000000000001,
            0.8,
            0.9,
            1.0
          ],
          "counts": [
            0,
            0,
            0,
            4,
            106,
            1353,
            1481,
            1918,
            3181,
            10435
          ],
          "accuracy": [
            null,
            null,
            null,
            0.75,
            0.5754716981132075,
            0.5343680709534369,
            0.5786630654962863,
            0.6850886339937435,
            0.74410562716127,
            0.9353138476281744
          ]
        }
      }
    },
    "record": {
      "n_samples": 308,
      "metrics": {
        "accuracy": 0.8668831168831169,
        "balanced_acc": 0.8723756234349368,
        "macro_f1": 0.8743388863209502
      },
      "confusion_matrix": {
        "raw": [
          [
            71,
            7,
            0
          ],
          [
            4,
            101,
            7
          ],
          [
            0,
            23,
            95
          ]
        ],
        "normalized": [
          [
            0.9102564102564102,
            0.08974358974358974,
            0.0
          ],
          [
            0.03571428571428571,
            0.9017857142857143,
            0.0625
          ],
          [
            0.0,
            0.19491525423728814,
            0.8050847457627118
          ]
        ]
      },
      "distribution": {
        "y_true": {
          "mauvais": 78,
          "moyen": 112,
          "excellent": 118
        },
        "y_pred": {
          "mauvais": 75,
          "moyen": 131,
          "excellent": 102
        }
      },
      "confidence": {
        "mean_max_prob": 0.721807599067688,
        "brier": 0.2332265167713373,
        "histogram": {
          "bins": [
            0.0,
            0.1,
            0.2,
            0.30000000000000004,
            0.4,
            0.5,
            0.6000000000000001,
            0.7000000000000001,
            0.8,
            0.9,
            1.0
          ],
          "counts": [
            0,
            0,
            0,
            0,
            13,
            62,
            75,
            56,
            55,
            47
          ],
          "accuracy": [
            null,
            null,
            null,
            null,
            0.38461538461538464,
            0.6935483870967742,
            0.8533333333333334,
            0.9464285714285714,
            0.9818181818181818,
            1.0
          ]
        }
      }
    },
    "subject": {
      "n_samples": 22,
      "metrics": {
        "accuracy": 0.9545454545454546,
        "balanced_acc": 0.9583333333331997,
        "macro_f1": 0.9521367521361231
      },
      "confusion_matrix": {
        "raw": [
          [
            6,
            0,
            0
          ],
          [
            1,
            7,
            0
          ],
          [
            0,
            0,
            8
          ]
        ],
        "normalized": [
          [
            1.0,
            0.0,
            0.0
          ],
          [
            0.125,
            0.875,
            0.0
          ],
          [
            0.0,
            0.0,
            1.0
          ]
        ]
      },
      "distribution": {
        "y_true": {
          "mauvais": 6,
          "moyen": 8,
          "excellent": 8
        },
        "y_pred": {
          "mauvais": 7,
          "moyen": 7,
          "excellent": 8
        }
      },
      "confidence": {
        "mean_max_prob": 0.6484265923500061,
        "brier": 0.2573260175783043,
        "histogram": {
          "bins": [
            0.0,
            0.1,
            0.2,
            0.30000000000000004,
            0.4,
            0.5,
            0.6000000000000001,
            0.7000000000000001,
            0.8,
            0.9,
            1.0
          ],
          "counts": [
            0,
            0,
            0,
            0,
            3,
            7,
            5,
            3,
            2,
            2
          ],
          "accuracy": [
            null,
            null,
            null,
            null,
            0.6666666666666666,
            1.0,
            1.0,
            1.0,
            1.0,
            1.0
          ]
        }
      }
    }
  },
  "baseline_comparison": [
    {
      "model": "csp_lda",
      "record_macro_f1": 0.4261715296198054,
      "record_balanced_acc": 0.5529100529100529,
      "record_level_agg": "mean_prob",
      "run_id": "776477513cca48d382a28616adc3e55c"
    },
    {
      "model": "simple_cnn",
      "record_macro_f1": 0.6903910611300849,
      "record_balanced_acc": 0.7247023809523809,
      "record_level_agg": "mean_prob",
      "run_id": "fcb80e4b809242e682890761443d3ddd"
    },
    {
      "model": "shallowconv",
      "record_macro_f1": 0.6312489822504478,
      "record_balanced_acc": 0.660218253968254,
      "record_level_agg": "mean_prob",
      "run_id": "5567977b22c44bbf96d7852ceda97f5f"
    },
    {
      "model": "eegnet",
      "record_macro_f1": 0.730961850527068,
      "record_balanced_acc": 0.7602513227513228,
      "record_level_agg": "mean_prob",
      "run_id": "ef0e17e4c7234f7fac3dd44b0b833317"
    }
  ]
}