{
  "stage": "val",
  "labels": [
    "mauvais",
    "moyen",
    "excellent"
  ],
  "aggregations": {
    "record": "mean_logit",
    "subject": "mean_prob"
  },
  "levels": {
    "window": {
      "n_samples": 12600,
      "metrics": {
        "accuracy": 0.7903174603174603,
        "balanced_acc": 0.792260305037375,
        "macro_f1": 0.78049674390794
      },
      "confusion_matrix": {
        "raw": [
          [
            4717,
            1365,
            76
          ],
          [
            194,
            3599,
            549
          ],
          [
            1,
            457,
            1642
          ]
        ],
        "normalized": [
          [
            0.7659954530691783,
            0.22166287755764857,
            0.012341669373173108
          ],
          [
            0.04467987102717642,
            0.8288807001381852,
            0.1264394288346384
          ],
          [
            0.0004761904761904762,
            0.21761904761904763,
            0.7819047619047619
          ]
        ]
      },
      "distribution": {
        "y_true": {
          "mauvais": 6158,
          "moyen": 4342,
          "excellent": 2100
        },
        "y_pred": {
          "mauvais": 4912,
          "moyen": 5421,
          "excellent": 2267
        }
      },
      "confidence": {
        "mean_max_prob": 0.8419548273086548,
        "brier": 0.3014924348221273,
        "histogram": {
          "bins": [
            0.0,
            0.1,
            0.2,
            0.30000000000000004,
            0.4,
            0.5,
            0.6000000000000001,
            0.7000000000000001,
            0.8,
            0.9,
            1.0
          ],
          "counts": [
            0,
            0,
            0,
            1,
            96,
            1035,
            1128,
            1486,
            2631,
            6223
          ],
          "accuracy": [
            null,
            null,
            null,
            0.0,
            0.5416666666666666,
            0.5410628019323671,
            0.5647163120567376,
            0.629878869448183,
            0.7556062333713417,
            0.9296159408645348
          ]
        }
      }
    },
    "record": {
      "n_samples": 210,
      "metrics": {
        "accuracy": 0.7904761904761904,
        "balanced_acc": 0.7953453453453286,
        "macro_f1": 0.7840746124737369
      },
      "confusion_matrix": {
        "raw": [
          [
            78,
            33,
            0
          ],
          [
            0,
            70,
            5
          ],
          [
            0,
            6,
            18
          ]
        ],
        "normalized": [
          [
            0.7027027027027027,
            0.2972972972972973,
            0.0
          ],
          [
            0.0,
            0.9333333333333333,
            0.06666666666666667
          ],
          [
            0.0,
            0.25,
            0.75
          ]
        ]
      },
      "distribution": {
        "y_true": {
          "mauvais": 111,
          "moyen": 75,
          "excellent": 24
        },
        "y_pred": {
          "mauvais": 78,
          "moyen": 109,
          "excellent": 23
        }
      },
      "confidence": {
        "mean_max_prob": 0.7286602258682251,
        "brier": 0.27416109137357497,
        "histogram": {
          "bins": [
            0.0,
            0.1,
            0.2,
            0.30000000000000004,
            0.4,
            0.5,
            0.6000000000000001,
            0.7000000000000001,
            0.8,
            0.9,
            1.0
          ],
          "counts": [
            0,
            0,
            0,
            0,
            19,
            41,
            38,
            31,
            34,
            47
          ],
          "accuracy": [
            null,
            null,
            null,
            null,
            0.6842105263157895,
            0.4634146341463415,
            0.7631578947368421,
            0.9354838709677419,
            0.9411764705882353,
            1.0
          ]
        }
      }
    },
    "subject": {
      "n_samples": 15,
      "metrics": {
        "accuracy": 0.7333333333333333,
        "balanced_acc": 0.8518518518514312,
        "macro_f1": 0.8095238095229353
      },
      "confusion_matrix": {
        "raw": [
          [
            5,
            4,
            0
          ],
          [
            0,
            5,
            0
          ],
          [
            0,
            0,
            1
          ]
        ],
        "normalized": [
          [
            0.5555555555555556,
            0.4444444444444444,
            0.0
          ],
          [
            0.0,
            1.0,
            0.0
          ],
          [
            0.0,
            0.0,
            1.0
          ]
        ]
      },
      "distribution": {
        "y_true": {
          "mauvais": 9,
          "moyen": 5,
          "excellent": 1
        },
        "y_pred": {
          "mauvais": 5,
          "moyen": 9,
          "excellent": 1
        }
      },
      "confidence": {
        "mean_max_prob": 0.68581223487854,
        "brier": 0.33971520247616155,
        "histogram": {
          "bins": [
            0.0,
            0.1,
            0.2,
            0.30000000000000004,
            0.4,
            0.5,
            0.6000000000000001,
            0.7000000000000001,
            0.8,
            0.9,
            1.0
          ],
          "counts": [
            0,
            0,
            0,
            0,
            2,
            4,
            3,
            2,
            2,
            2
          ],
          "accuracy": [
            null,
            null,
            null,
            null,
            0.5,
            0.5,
            0.6666666666666666,
            1.0,
            1.0,
            1.0
          ]
        }
      }
    }
  }
}