{
  "stage": "test",
  "labels": [
    "mauvais",
    "moyen",
    "excellent"
  ],
  "aggregations": {
    "record": "mean_logit",
    "subject": "mean_prob"
  },
  "levels": {
    "window": {
      "n_samples": 18479,
      "metrics": {
        "accuracy": 0.7831592618648195,
        "balanced_acc": 0.8010730766836728,
        "macro_f1": 0.7603080865798303
      },
      "confusion_matrix": {
        "raw": [
          [
            8106,
            2599,
            105
          ],
          [
            33,
            2752,
            704
          ],
          [
            2,
            564,
            3614
          ]
        ],
        "normalized": [
          [
            0.7498612395929695,
            0.2404255319148936,
            0.00971322849213691
          ],
          [
            0.009458297506448839,
            0.7887646890226426,
            0.20177701347090857
          ],
          [
            0.0004784688995215311,
            0.13492822966507176,
            0.8645933014354067
          ]
        ]
      },
      "distribution": {
        "y_true": {
          "mauvais": 10810,
          "moyen": 3489,
          "excellent": 4180
        },
        "y_pred": {
          "mauvais": 8141,
          "moyen": 5915,
          "excellent": 4423
        }
      },
      "confidence": {
        "mean_max_prob": 0.8589122295379639,
        "brier": 0.3082218817561215,
        "histogram": {
          "bins": [
            0.0,
            0.1,
            0.2,
            0.30000000000000004,
            0.4,
            0.5,
            0.6000000000000001,
            0.7000000000000001,
            0.8,
            0.9,
            1.0
          ],
          "counts": [
            0,
            0,
            0,
            0,
            114,
            1325,
            1508,
            1852,
            3266,
            10414
          ],
          "accuracy": [
            null,
            null,
            null,
            null,
            0.4824561403508772,
            0.5207547169811321,
            0.5424403183023873,
            0.5464362850971922,
            0.6276791181873852,
            0.945554061839831
          ]
        }
      }
    },
    "record": {
      "n_samples": 308,
      "metrics": {
        "accuracy": 0.8116883116883117,
        "balanced_acc": 0.8576979198479636,
        "macro_f1": 0.7870915718335477
      },
      "confusion_matrix": {
        "raw": [
          [
            139,
            47,
            2
          ],
          [
            0,
            39,
            5
          ],
          [
            0,
            4,
            72
          ]
        ],
        "normalized": [
          [
            0.7393617021276596,
            0.25,
            0.010638297872340425
          ],
          [
            0.0,
            0.8863636363636364,
            0.11363636363636363
          ],
          [
            0.0,
            0.05263157894736842,
            0.9473684210526315
          ]
        ]
      },
      "distribution": {
        "y_true": {
          "mauvais": 188,
          "moyen": 44,
          "excellent": 76
        },
        "y_pred": {
          "mauvais": 139,
          "moyen": 90,
          "excellent": 79
        }
      },
      "confidence": {
        "mean_max_prob": 0.752423107624054,
        "brier": 0.27007030594979575,
        "histogram": {
          "bins": [
            0.0,
            0.1,
            0.2,
            0.30000000000000004,
            0.4,
            0.5,
            0.6000000000000001,
            0.7000000000000001,
            0.8,
            0.9,
            1.0
          ],
          "counts": [
            0,
            0,
            0,
            1,
            14,
            56,
            47,
            64,
            43,
            83
          ],
          "accuracy": [
            null,
            null,
            null,
            0.0,
            0.6428571428571429,
            0.6607142857142857,
            0.7659574468085106,
            0.8125,
            0.9069767441860465,
            1.0
          ]
        }
      }
    },
    "subject": {
      "n_samples": 22,
      "metrics": {
        "accuracy": 0.8636363636363636,
        "balanced_acc": 0.9285714285711877,
        "macro_f1": 0.8171428571422568
      },
      "confusion_matrix": {
        "raw": [
          [
            11,
            3,
            0
          ],
          [
            0,
            2,
            0
          ],
          [
            0,
            0,
            6
          ]
        ],
        "normalized": [
          [
            0.7857142857142857,
            0.21428571428571427,
            0.0
          ],
          [
            0.0,
            1.0,
            0.0
          ],
          [
            0.0,
            0.0,
            1.0
          ]
        ]
      },
      "distribution": {
        "y_true": {
          "mauvais": 14,
          "moyen": 2,
          "excellent": 6
        },
        "y_pred": {
          "mauvais": 11,
          "moyen": 5,
          "excellent": 6
        }
      },
      "confidence": {
        "mean_max_prob": 0.7021145224571228,
        "brier": 0.2653539685210674,
        "histogram": {
          "bins": [
            0.0,
            0.1,
            0.2,
            0.30000000000000004,
            0.4,
            0.5,
            0.6000000000000001,
            0.7000000000000001,
            0.8,
            0.9,
            1.0
          ],
          "counts": [
            0,
            0,
            0,
            0,
            2,
            5,
            6,
            2,
            2,
            5
          ],
          "accuracy": [
            null,
            null,
            null,
            null,
            1.0,
            0.6,
            0.8333333333333334,
            1.0,
            1.0,
            1.0
          ]
        }
      }
    }
  },
  "baseline_comparison": [
    {
      "model": "csp_lda",
      "record_macro_f1": 0.3680381412340175,
      "record_balanced_acc": 0.4801740812379111,
      "record_level_agg": "mean_prob",
      "run_id": "4050154c324543d7b40756ad58ba5426"
    },
    {
      "model": "simple_cnn",
      "record_macro_f1": 0.7314414877887275,
      "record_balanced_acc": 0.728464354794142,
      "record_level_agg": "mean_prob",
      "run_id": "8abb4d45b6af40609bfb08607969484c"
    },
    {
      "model": "shallowconv",
      "record_macro_f1": 0.554983367761582,
      "record_balanced_acc": 0.5621776273372019,
      "record_level_agg": "mean_prob",
      "run_id": "7103c925000a46f7b8c9991b27b91c43"
    },
    {
      "model": "eegnet",
      "record_macro_f1": 0.6783140379978291,
      "record_balanced_acc": 0.6811158699456573,
      "record_level_agg": "mean_prob",
      "run_id": "5f47f6e8d4d94eb596d9d51c6b79b624"
    }
  ]
}