{
  "balanced_acc_record": 0.8576979041099548,
  "epoch": 40.0,
  "lr-Adam/pg1": 0.0002102543136979454,
  "lr-Adam/pg2": 0.0002102543136979454,
  "multi_alpha": 0.009640275500714779,
  "multi_test_acc": 0.7831592559814453,
  "multi_test_acc_cm": 0.7831592559814453,
  "multi_test_balanced_acc": 0.8010730743408203,
  "multi_test_balanced_acc_record": 0.8576979041099548,
  "multi_test_balanced_acc_subject": 0.9285714030265808,
  "multi_test_bce_loss": 0.0,
  "multi_test_bce_loss_raw": 0.0,
  "multi_test_ce_loss": 0.6733577251434326,
  "multi_test_f1_c0": 0.8554693460464478,
  "multi_test_f1_c1": 0.5852828621864319,
  "multi_test_f1_c2": 0.8401719927787781,
  "multi_test_f1_macro": 0.7603080868721008,
  "multi_test_f1_macro_record": 0.7870915532112122,
  "multi_test_f1_macro_subject": 0.8171428442001343,
  "multi_test_loss": 0.6733577251434326,
  "multi_test_precision_c0": 0.9957007765769958,
  "multi_test_precision_c1": 0.46525782346725464,
  "multi_test_precision_c2": 0.8170924782752991,
  "multi_test_recall_c0": 0.7498612403869629,
  "multi_test_recall_c1": 0.7887647151947021,
  "multi_test_recall_c2": 0.8645933270454407,
  "multi_train_bce_loss": 0.0,
  "multi_train_bce_loss_raw": 0.0,
  "multi_train_ce_loss": 0.540021538734436,
  "multi_train_loss": 0.540021538734436,
  "multi_val_acc": 0.7903174757957458,
  "multi_val_acc_cm": 0.7903174757957458,
  "multi_val_balanced_acc": 0.7922602891921997,
  "multi_val_balanced_acc_record": 0.7953453660011292,
  "multi_val_balanced_acc_subject": 0.8518518805503845,
  "multi_val_bce_loss": 0.0,
  "multi_val_bce_loss_raw": 0.0,
  "multi_val_ce_loss": 0.6769866347312927,
  "multi_val_f1_c0": 0.8522132039070129,
  "multi_val_f1_c1": 0.7372733950614929,
  "multi_val_f1_c2": 0.7520036697387695,
  "multi_val_f1_macro": 0.7804967164993286,
  "multi_val_f1_macro_record": 0.784074604511261,
  "multi_val_f1_macro_subject": 0.8095238208770752,
  "multi_val_loss": 0.6769866347312927,
  "multi_val_precision_c0": 0.9603012800216675,
  "multi_val_precision_c1": 0.6638996601104736,
  "multi_val_precision_c2": 0.724305272102356,
  "multi_val_recall_c0": 0.765995442867279,
  "multi_val_recall_c1": 0.8288807272911072,
  "multi_val_recall_c2": 0.7819047570228577
}