{
  "stage": "val",
  "labels": [
    "mauvais",
    "moyen",
    "excellent"
  ],
  "aggregations": {
    "record": "mean_logit",
    "subject": "mean_prob"
  },
  "levels": {
    "window": {
      "n_samples": 13439,
      "metrics": {
        "accuracy": 0.8827293697447727,
        "balanced_acc": 0.8650931262889537,
        "macro_f1": 0.8448743526842385
      },
      "confusion_matrix": {
        "raw": [
          [
            7377,
            725,
            57
          ],
          [
            132,
            1909,
            476
          ],
          [
            0,
            186,
            2577
          ]
        ],
        "normalized": [
          [
            0.9041549209461944,
            0.08885892879029293,
            0.006986150263512686
          ],
          [
            0.052443384982121574,
            0.7584425903853794,
            0.18911402463249902
          ],
          [
            0.0,
            0.06731813246471227,
            0.9326818675352877
          ]
        ]
      },
      "distribution": {
        "y_true": {
          "mauvais": 8159,
          "moyen": 2517,
          "excellent": 2763
        },
        "y_pred": {
          "mauvais": 7509,
          "moyen": 2820,
          "excellent": 3110
        }
      },
      "confidence": {
        "mean_max_prob": 0.8954256176948547,
        "brier": 0.1713780297821839,
        "histogram": {
          "bins": [
            0.0,
            0.1,
            0.2,
            0.30000000000000004,
            0.4,
            0.5,
            0.6000000000000001,
            0.7000000000000001,
            0.8,
            0.9,
            1.0
          ],
          "counts": [
            0,
            0,
            0,
            0,
            61,
            637,
            686,
            866,
            1537,
            9652
          ],
          "accuracy": [
            null,
            null,
            null,
            null,
            0.4918032786885246,
            0.5400313971742543,
            0.5991253644314869,
            0.6801385681293303,
            0.7657774886141835,
            0.9647741400745959
          ]
        }
      }
    },
    "record": {
      "n_samples": 224,
      "metrics": {
        "accuracy": 0.9285714285714286,
        "balanced_acc": 0.9061043123542952,
        "macro_f1": 0.8861393720594347
      },
      "confusion_matrix": {
        "raw": [
          [
            134,
            9,
            0
          ],
          [
            0,
            25,
            7
          ],
          [
            0,
            0,
            49
          ]
        ],
        "normalized": [
          [
            0.9370629370629371,
            0.06293706293706294,
            0.0
          ],
          [
            0.0,
            0.78125,
            0.21875
          ],
          [
            0.0,
            0.0,
            1.0
          ]
        ]
      },
      "distribution": {
        "y_true": {
          "mauvais": 143,
          "moyen": 32,
          "excellent": 49
        },
        "y_pred": {
          "mauvais": 134,
          "moyen": 34,
          "excellent": 56
        }
      },
      "confidence": {
        "mean_max_prob": 0.804470956325531,
        "brier": 0.14916775425169768,
        "histogram": {
          "bins": [
            0.0,
            0.1,
            0.2,
            0.30000000000000004,
            0.4,
            0.5,
            0.6000000000000001,
            0.7000000000000001,
            0.8,
            0.9,
            1.0
          ],
          "counts": [
            0,
            0,
            0,
            1,
            6,
            27,
            29,
            37,
            28,
            96
          ],
          "accuracy": [
            null,
            null,
            null,
            0.0,
            0.6666666666666666,
            0.7777777777777778,
            0.7586206896551724,
            0.9459459459459459,
            1.0,
            1.0
          ]
        }
      }
    },
    "subject": {
      "n_samples": 16,
      "metrics": {
        "accuracy": 0.9375,
        "balanced_acc": 0.9696969696965255,
        "macro_f1": 0.8730158730151301
      },
      "confusion_matrix": {
        "raw": [
          [
            10,
            1,
            0
          ],
          [
            0,
            1,
            0
          ],
          [
            0,
            0,
            4
          ]
        ],
        "normalized": [
          [
            0.9090909090909091,
            0.09090909090909091,
            0.0
          ],
          [
            0.0,
            1.0,
            0.0
          ],
          [
            0.0,
            0.0,
            1.0
          ]
        ]
      },
      "distribution": {
        "y_true": {
          "mauvais": 11,
          "moyen": 1,
          "excellent": 4
        },
        "y_pred": {
          "mauvais": 10,
          "moyen": 2,
          "excellent": 4
        }
      },
      "confidence": {
        "mean_max_prob": 0.7654265761375427,
        "brier": 0.1786971308914215,
        "histogram": {
          "bins": [
            0.0,
            0.1,
            0.2,
            0.30000000000000004,
            0.4,
            0.5,
            0.6000000000000001,
            0.7000000000000001,
            0.8,
            0.9,
            1.0
          ],
          "counts": [
            0,
            0,
            0,
            0,
            1,
            3,
            2,
            3,
            2,
            5
          ],
          "accuracy": [
            null,
            null,
            null,
            null,
            1.0,
            0.6666666666666666,
            1.0,
            1.0,
            1.0,
            1.0
          ]
        }
      }
    }
  }
}