{
  "balanced_acc_record": 0.3333333432674408,
  "epoch": 2.0,
  "lr-Adam/pg1": 0.00015,
  "lr-Adam/pg2": 0.00015,
  "multi_alpha": 0.009974578395485878,
  "multi_test_acc": 0.33796948194503784,
  "multi_test_acc_cm": 0.33796948194503784,
  "multi_test_balanced_acc": 0.3333333432674408,
  "multi_test_balanced_acc_record": 0.3333333432674408,
  "multi_test_balanced_acc_subject": 0.3333333432674408,
  "multi_test_bce_loss": 0.0,
  "multi_test_bce_loss_raw": 0.0,
  "multi_test_ce_loss": 1.2571088075637817,
  "multi_test_f1_c0": 0.0,
  "multi_test_f1_c1": 0.5051975846290588,
  "multi_test_f1_c2": 0.0,
  "multi_test_f1_macro": 0.16839919984340668,
  "multi_test_f1_macro_record": 0.17777778208255768,
  "multi_test_f1_macro_subject": 0.17777778208255768,
  "multi_test_loss": 1.2571088075637817,
  "multi_test_precision_c0": 0.0,
  "multi_test_precision_c1": 0.33796948194503784,
  "multi_test_precision_c2": 0.0,
  "multi_test_recall_c0": 0.0,
  "multi_test_recall_c1": 1.0,
  "multi_test_recall_c2": 0.0,
  "multi_train_bce_loss": 0.0,
  "multi_train_bce_loss_raw": 0.0,
  "multi_train_ce_loss": 1.258732795715332,
  "multi_train_loss": 1.258732795715332,
  "multi_val_acc": 0.413650780916214,
  "multi_val_acc_cm": 0.413650780916214,
  "multi_val_balanced_acc": 0.3333333432674408,
  "multi_val_balanced_acc_record": 0.3333333432674408,
  "multi_val_balanced_acc_subject": 0.3333333432674408,
  "multi_val_bce_loss": 0.0,
  "multi_val_bce_loss_raw": 0.0,
  "multi_val_ce_loss": 1.2593305110931396,
  "multi_val_f1_c0": 0.0,
  "multi_val_f1_c1": 0.5852234363555908,
  "multi_val_f1_c2": 0.0,
  "multi_val_f1_macro": 0.19507448375225067,
  "multi_val_f1_macro_record": 0.21794871985912323,
  "multi_val_f1_macro_subject": 0.23188406229019165,
  "multi_val_loss": 1.2593305110931396,
  "multi_val_precision_c0": 0.0,
  "multi_val_precision_c1": 0.413650780916214,
  "multi_val_precision_c2": 0.0,
  "multi_val_recall_c0": 0.0,
  "multi_val_recall_c1": 1.0,
  "multi_val_recall_c2": 0.0
}